CustomerID,Recency,Frequency,Monetary,R_Quartile,F_Quartile,M_Quartile,RFMScore
1,401.0,2.0,20520.0,3.0,4.0,4.0,344
2,514.0,4.0,45020.0,2.0,2.0,2.0,222
3,855.0,1.0,9970.0,1.0,4.0,4.0,144
4,975.0,3.0,35210.0,1.0,2.0,3.0,123
5,364.0,2.0,29060.0,3.0,4.0,3.0,343
6,512.0,2.0,16410.0,2.0,4.0,4.0,244
7,488.0,3.0,57470.0,2.0,2.0,1.0,221
8,405.0,2.0,30000.0,3.0,4.0,3.0,343
9,500.0,6.0,79280.0,2.0,1.0,1.0,211
10,216.0,3.0,31340.0,4.0,2.0,3.0,423
12,317.0,2.0,50850.0,3.0,4.0,2.0,342
13,802.0,1.0,220.0,2.0,4.0,4.0,244
14,430.0,2.0,34350.0,3.0,4.0,3.0,343
15,606.0,3.0,45830.0,2.0,2.0,2.0,222
17,1369.0,1.0,15290.0,1.0,4.0,4.0,144
18,503.0,4.0,45270.0,2.0,2.0,2.0,222
19,284.0,6.0,69140.0,3.0,1.0,1.0,311
20,933.0,3.0,69340.0,1.0,2.0,1.0,121
21,465.0,2.0,23980.0,3.0,4.0,3.0,343
22,851.0,3.0,56830.0,1.0,2.0,1.0,121
23,387.0,5.0,72640.0,3.0,1.0,1.0,311
24,256.0,3.0,71910.0,4.0,2.0,1.0,421
25,801.0,2.0,36940.0,2.0,4.0,2.0,242
27,468.0,2.0,11980.0,3.0,4.0,4.0,344
28,1275.0,1.0,10370.0,1.0,4.0,4.0,144
29,751.0,3.0,48140.0,2.0,2.0,2.0,222
30,728.0,2.0,28130.0,2.0,4.0,3.0,243
31,512.0,1.0,19990.0,2.0,4.0,4.0,244
32,231.0,3.0,44930.0,4.0,2.0,2.0,422
33,310.0,5.0,54130.0,3.0,1.0,2.0,312
34,370.0,2.0,17130.0,3.0,4.0,4.0,344
35,180.0,3.0,58140.0,4.0,2.0,1.0,421
36,810.0,2.0,8380.0,2.0,4.0,4.0,244
37,1349.0,2.0,11730.0,1.0,4.0,4.0,144
38,669.0,2.0,19030.0,2.0,4.0,4.0,244
39,773.0,4.0,43000.0,2.0,2.0,2.0,222
41,1383.0,1.0,17520.0,1.0,4.0,4.0,144
42,510.0,3.0,35760.0,2.0,2.0,3.0,223
43,540.0,3.0,28850.0,2.0,2.0,3.0,223
44,1113.0,3.0,60720.0,1.0,2.0,1.0,121
45,1159.0,2.0,18110.0,1.0,4.0,4.0,144
46,271.0,3.0,12910.0,4.0,2.0,4.0,424
48,514.0,3.0,39390.0,2.0,2.0,2.0,222
49,387.0,1.0,15400.0,3.0,4.0,4.0,344
50,158.0,2.0,31410.0,4.0,4.0,3.0,443
51,335.0,1.0,2230.0,3.0,4.0,4.0,344
52,963.0,3.0,46050.0,1.0,2.0,2.0,122
54,258.0,2.0,58560.0,4.0,4.0,1.0,441
55,354.0,3.0,24360.0,3.0,2.0,3.0,323
56,216.0,6.0,103530.0,4.0,1.0,1.0,411
57,159.0,1.0,13990.0,4.0,4.0,4.0,444
58,1099.0,1.0,6480.0,1.0,4.0,4.0,144
59,1202.0,2.0,27120.0,1.0,4.0,3.0,143
60,470.0,3.0,58390.0,3.0,2.0,1.0,321
61,546.0,2.0,24360.0,2.0,4.0,3.0,243
62,421.0,5.0,25140.0,3.0,1.0,3.0,313
63,1121.0,1.0,14450.0,1.0,4.0,4.0,144
64,562.0,2.0,22950.0,2.0,4.0,3.0,243
65,302.0,4.0,78530.0,3.0,2.0,1.0,321
66,999.0,3.0,65030.0,1.0,2.0,1.0,121
67,1254.0,1.0,29390.0,1.0,4.0,3.0,143
68,631.0,4.0,55180.0,2.0,2.0,2.0,222
69,1062.0,1.0,18270.0,1.0,4.0,4.0,144
71,1374.0,1.0,17000.0,1.0,4.0,4.0,144
72,204.0,4.0,70870.0,4.0,2.0,1.0,421
73,238.0,3.0,62790.0,4.0,2.0,1.0,421
74,781.0,2.0,36370.0,2.0,4.0,2.0,242
75,205.0,4.0,52890.0,4.0,2.0,2.0,422
76,454.0,4.0,42150.0,3.0,2.0,2.0,322
77,442.0,2.0,44390.0,3.0,4.0,2.0,342
78,199.0,3.0,70940.0,4.0,2.0,1.0,421
79,1028.0,2.0,16420.0,1.0,4.0,4.0,144
80,534.0,1.0,9670.0,2.0,4.0,4.0,244
81,443.0,3.0,37290.0,3.0,2.0,2.0,322
82,552.0,3.0,55330.0,2.0,2.0,2.0,222
83,647.0,1.0,7680.0,2.0,4.0,4.0,244
84,828.0,1.0,23860.0,1.0,4.0,3.0,143
85,496.0,2.0,48530.0,2.0,4.0,2.0,242
86,596.0,4.0,53420.0,2.0,2.0,2.0,222
87,289.0,4.0,74480.0,3.0,2.0,1.0,321
88,532.0,7.0,79840.0,2.0,1.0,1.0,211
89,512.0,3.0,27350.0,2.0,2.0,3.0,223
90,978.0,1.0,6610.0,1.0,4.0,4.0,144
91,433.0,2.0,35080.0,3.0,4.0,3.0,343
92,889.0,1.0,16530.0,1.0,4.0,4.0,144
93,136.0,1.0,14840.0,4.0,4.0,4.0,444
94,304.0,7.0,115190.0,3.0,1.0,1.0,311
95,339.0,2.0,21600.0,3.0,4.0,3.0,343
96,1552.0,1.0,12980.0,1.0,4.0,4.0,144
97,545.0,4.0,55670.0,2.0,2.0,1.0,221
98,526.0,3.0,30660.0,2.0,2.0,3.0,223
99,557.0,4.0,38170.0,2.0,2.0,2.0,222
100,916.0,4.0,51700.0,1.0,2.0,2.0,122
101,686.0,2.0,15950.0,2.0,4.0,4.0,244
102,219.0,3.0,33420.0,4.0,2.0,3.0,423
103,211.0,6.0,82080.0,4.0,1.0,1.0,411
104,1204.0,2.0,34270.0,1.0,4.0,3.0,143
105,308.0,2.0,21250.0,3.0,4.0,3.0,343
106,541.0,1.0,4890.0,2.0,4.0,4.0,244
107,831.0,3.0,45760.0,1.0,2.0,2.0,122
108,171.0,2.0,16270.0,4.0,4.0,4.0,444
109,966.0,2.0,25160.0,1.0,4.0,3.0,143
110,699.0,3.0,35310.0,2.0,2.0,3.0,223
111,434.0,3.0,62920.0,3.0,2.0,1.0,321
112,195.0,2.0,30840.0,4.0,4.0,3.0,443
113,741.0,2.0,27840.0,2.0,4.0,3.0,243
114,650.0,3.0,48640.0,2.0,2.0,2.0,222
115,435.0,1.0,5940.0,3.0,4.0,4.0,344
116,149.0,4.0,36340.0,4.0,2.0,2.0,422
117,795.0,2.0,35310.0,2.0,4.0,3.0,243
118,1188.0,2.0,34670.0,1.0,4.0,3.0,143
119,497.0,4.0,33570.0,2.0,2.0,3.0,223
120,870.0,2.0,35950.0,1.0,4.0,3.0,143
121,624.0,5.0,95910.0,2.0,1.0,1.0,211
123,294.0,4.0,51930.0,3.0,2.0,2.0,322
124,737.0,1.0,950.0,2.0,4.0,4.0,244
125,303.0,4.0,41380.0,3.0,2.0,2.0,322
126,685.0,4.0,51350.0,2.0,2.0,2.0,222
127,449.0,2.0,53780.0,3.0,4.0,2.0,342
128,804.0,1.0,3410.0,2.0,4.0,4.0,244
129,728.0,1.0,810.0,2.0,4.0,4.0,244
130,1247.0,3.0,59530.0,1.0,2.0,1.0,121
131,497.0,5.0,50770.0,2.0,1.0,2.0,212
132,611.0,3.0,19880.0,2.0,2.0,4.0,224
133,846.0,1.0,26160.0,1.0,4.0,3.0,143
134,276.0,3.0,24920.0,4.0,2.0,3.0,423
135,206.0,2.0,36190.0,4.0,4.0,3.0,443
136,458.0,2.0,34580.0,3.0,4.0,3.0,343
137,820.0,3.0,35800.0,2.0,2.0,3.0,223
138,1115.0,1.0,9270.0,1.0,4.0,4.0,144
139,224.0,4.0,48300.0,4.0,2.0,2.0,422
140,1256.0,2.0,14650.0,1.0,4.0,4.0,144
141,233.0,2.0,17170.0,4.0,4.0,4.0,444
142,204.0,2.0,36050.0,4.0,4.0,3.0,443
143,245.0,2.0,39400.0,4.0,4.0,2.0,442
144,485.0,3.0,31540.0,2.0,2.0,3.0,223
145,986.0,2.0,16870.0,1.0,4.0,4.0,144
147,996.0,4.0,62440.0,1.0,2.0,1.0,121
148,1245.0,1.0,26220.0,1.0,4.0,3.0,143
149,769.0,3.0,47470.0,2.0,2.0,2.0,222
150,292.0,2.0,6820.0,3.0,4.0,4.0,344
151,411.0,1.0,18510.0,3.0,4.0,4.0,344
152,185.0,3.0,47400.0,4.0,2.0,2.0,422
153,291.0,3.0,48960.0,3.0,2.0,2.0,322
154,510.0,1.0,28440.0,2.0,4.0,3.0,243
155,1124.0,2.0,22100.0,1.0,4.0,3.0,143
157,145.0,4.0,48660.0,4.0,2.0,2.0,422
158,610.0,1.0,9640.0,2.0,4.0,4.0,244
159,1230.0,2.0,48190.0,1.0,4.0,2.0,142
161,773.0,4.0,79760.0,2.0,2.0,1.0,221
162,317.0,2.0,59410.0,3.0,4.0,1.0,341
163,250.0,5.0,82110.0,4.0,1.0,1.0,411
164,175.0,1.0,2960.0,4.0,4.0,4.0,444
165,1107.0,1.0,16210.0,1.0,4.0,4.0,144
166,261.0,3.0,38150.0,4.0,2.0,2.0,422
167,138.0,3.0,71970.0,4.0,2.0,1.0,421
168,454.0,5.0,84220.0,3.0,1.0,1.0,311
169,1139.0,3.0,61160.0,1.0,2.0,1.0,121
170,983.0,3.0,54070.0,1.0,2.0,2.0,122
171,703.0,2.0,23240.0,2.0,4.0,3.0,243
172,720.0,1.0,25850.0,2.0,4.0,3.0,243
173,250.0,2.0,33880.0,4.0,4.0,3.0,443
174,1307.0,1.0,27540.0,1.0,4.0,3.0,143
175,992.0,3.0,69520.0,1.0,2.0,1.0,121
176,541.0,4.0,79550.0,2.0,2.0,1.0,221
177,500.0,2.0,53030.0,2.0,4.0,2.0,242
178,920.0,2.0,23510.0,1.0,4.0,3.0,143
180,305.0,2.0,29660.0,3.0,4.0,3.0,343
181,234.0,5.0,37600.0,4.0,1.0,2.0,412
182,248.0,1.0,7680.0,4.0,4.0,4.0,444
183,450.0,3.0,50380.0,3.0,2.0,2.0,322
184,174.0,3.0,50430.0,4.0,2.0,2.0,422
185,487.0,5.0,43070.0,2.0,1.0,2.0,212
186,716.0,1.0,25230.0,2.0,4.0,3.0,243
187,728.0,1.0,10920.0,2.0,4.0,4.0,244
189,138.0,5.0,54880.0,4.0,1.0,2.0,412
190,393.0,3.0,29330.0,3.0,2.0,3.0,323
191,1084.0,2.0,45420.0,1.0,4.0,2.0,142
193,872.0,3.0,36530.0,1.0,2.0,2.0,122
194,1576.0,1.0,21300.0,1.0,4.0,3.0,143
195,309.0,3.0,39290.0,3.0,2.0,2.0,322
196,819.0,3.0,55600.0,2.0,2.0,2.0,222
197,225.0,4.0,56570.0,4.0,2.0,1.0,421
199,219.0,3.0,65430.0,4.0,2.0,1.0,421
201,219.0,3.0,34260.0,4.0,2.0,3.0,423
202,507.0,1.0,7850.0,2.0,4.0,4.0,244
203,487.0,3.0,35470.0,2.0,2.0,3.0,223
204,353.0,5.0,62070.0,3.0,1.0,1.0,311
205,325.0,3.0,58050.0,3.0,2.0,1.0,321
206,280.0,1.0,1530.0,4.0,4.0,4.0,444
207,243.0,3.0,58100.0,4.0,2.0,1.0,421
208,648.0,2.0,17000.0,2.0,4.0,4.0,244
209,455.0,3.0,38520.0,3.0,2.0,2.0,322
210,268.0,3.0,41070.0,4.0,2.0,2.0,422
211,299.0,3.0,68680.0,3.0,2.0,1.0,321
212,485.0,4.0,73890.0,2.0,2.0,1.0,221
213,288.0,4.0,94530.0,3.0,2.0,1.0,321
214,471.0,4.0,69960.0,3.0,2.0,1.0,321
215,250.0,5.0,79600.0,4.0,1.0,1.0,411
217,658.0,3.0,33680.0,2.0,2.0,3.0,223
219,338.0,5.0,77290.0,3.0,1.0,1.0,311
220,858.0,6.0,79870.0,1.0,1.0,1.0,111
221,452.0,4.0,66640.0,3.0,2.0,1.0,321
222,496.0,3.0,36110.0,2.0,2.0,3.0,223
223,964.0,2.0,23890.0,1.0,4.0,3.0,143
224,415.0,1.0,22110.0,3.0,4.0,3.0,343
225,706.0,2.0,35150.0,2.0,4.0,3.0,243
226,1152.0,1.0,20120.0,1.0,4.0,4.0,144
227,412.0,2.0,53090.0,3.0,4.0,2.0,342
228,612.0,2.0,45760.0,2.0,4.0,2.0,242
229,770.0,1.0,8030.0,2.0,4.0,4.0,244
230,439.0,6.0,72490.0,3.0,1.0,1.0,311
231,429.0,2.0,29890.0,3.0,4.0,3.0,343
232,182.0,4.0,72030.0,4.0,2.0,1.0,421
233,608.0,1.0,24330.0,2.0,4.0,3.0,243
234,195.0,4.0,58720.0,4.0,2.0,1.0,421
235,644.0,4.0,71850.0,2.0,2.0,1.0,221
236,562.0,2.0,34190.0,2.0,4.0,3.0,243
237,308.0,3.0,29080.0,3.0,2.0,3.0,323
238,1078.0,1.0,9080.0,1.0,4.0,4.0,144
239,825.0,2.0,25880.0,1.0,4.0,3.0,143
240,166.0,4.0,72100.0,4.0,2.0,1.0,421
241,350.0,4.0,37870.0,3.0,2.0,2.0,322
242,193.0,3.0,45600.0,4.0,2.0,2.0,422
243,539.0,3.0,34670.0,2.0,2.0,3.0,223
244,178.0,3.0,55220.0,4.0,2.0,2.0,422
245,787.0,1.0,22750.0,2.0,4.0,3.0,243
246,273.0,6.0,85140.0,4.0,1.0,1.0,411
247,136.0,4.0,33850.0,4.0,2.0,3.0,423
248,147.0,1.0,9320.0,4.0,4.0,4.0,444
249,158.0,4.0,81170.0,4.0,2.0,1.0,421
251,190.0,4.0,43850.0,4.0,2.0,2.0,422
252,141.0,3.0,30570.0,4.0,2.0,3.0,423
253,423.0,2.0,32320.0,3.0,4.0,3.0,343
254,533.0,1.0,19470.0,2.0,4.0,4.0,244
255,197.0,4.0,82430.0,4.0,2.0,1.0,421
256,311.0,1.0,990.0,3.0,4.0,4.0,344
257,263.0,3.0,25320.0,4.0,2.0,3.0,423
258,433.0,1.0,1240.0,3.0,4.0,4.0,344
259,377.0,2.0,41890.0,3.0,4.0,2.0,342
260,237.0,4.0,57020.0,4.0,2.0,1.0,421
261,439.0,4.0,41530.0,3.0,2.0,2.0,322
262,340.0,1.0,3480.0,3.0,4.0,4.0,344
263,326.0,2.0,35570.0,3.0,4.0,3.0,343
264,457.0,2.0,28790.0,3.0,4.0,3.0,343
265,177.0,7.0,77300.0,4.0,1.0,1.0,411
267,292.0,1.0,11650.0,3.0,4.0,4.0,344
268,326.0,5.0,73180.0,3.0,1.0,1.0,311
269,1105.0,2.0,31930.0,1.0,4.0,3.0,143
270,234.0,5.0,77810.0,4.0,1.0,1.0,411
271,523.0,3.0,27210.0,2.0,2.0,3.0,223
272,1415.0,1.0,18530.0,1.0,4.0,4.0,144
273,155.0,5.0,66370.0,4.0,1.0,1.0,411
274,319.0,4.0,44750.0,3.0,2.0,2.0,322
275,167.0,2.0,32670.0,4.0,4.0,3.0,443
277,1186.0,2.0,35360.0,1.0,4.0,3.0,143
278,895.0,2.0,39590.0,1.0,4.0,2.0,142
279,328.0,2.0,36800.0,3.0,4.0,2.0,342
280,147.0,3.0,52990.0,4.0,2.0,2.0,422
281,467.0,1.0,6300.0,3.0,4.0,4.0,344
282,1035.0,3.0,31840.0,1.0,2.0,3.0,123
283,438.0,2.0,17040.0,3.0,4.0,4.0,344
284,821.0,2.0,36610.0,2.0,4.0,2.0,242
285,779.0,3.0,30510.0,2.0,2.0,3.0,223
286,431.0,2.0,37820.0,3.0,4.0,2.0,342
287,906.0,1.0,23020.0,1.0,4.0,3.0,143
288,428.0,2.0,16340.0,3.0,4.0,4.0,344
289,816.0,2.0,29090.0,2.0,4.0,3.0,243
290,715.0,2.0,6190.0,2.0,4.0,4.0,244
291,202.0,2.0,39340.0,4.0,4.0,2.0,442
292,219.0,5.0,67230.0,4.0,1.0,1.0,411
294,1414.0,1.0,17660.0,1.0,4.0,4.0,144
295,486.0,2.0,8780.0,2.0,4.0,4.0,244
296,956.0,2.0,29450.0,1.0,4.0,3.0,143
297,1202.0,3.0,41280.0,1.0,2.0,2.0,122
298,506.0,1.0,28620.0,2.0,4.0,3.0,243
299,1463.0,1.0,26850.0,1.0,4.0,3.0,143
300,287.0,4.0,30950.0,3.0,2.0,3.0,323
301,874.0,5.0,89110.0,1.0,1.0,1.0,111
302,143.0,1.0,12430.0,4.0,4.0,4.0,444
303,219.0,7.0,110450.0,4.0,1.0,1.0,411
304,308.0,3.0,45830.0,3.0,2.0,2.0,322
305,402.0,1.0,2210.0,3.0,4.0,4.0,344
308,306.0,3.0,30510.0,3.0,2.0,3.0,323
309,343.0,3.0,50950.0,3.0,2.0,2.0,322
310,599.0,2.0,9590.0,2.0,4.0,4.0,244
311,277.0,4.0,78170.0,4.0,2.0,1.0,421
312,528.0,2.0,22740.0,2.0,4.0,3.0,243
313,293.0,2.0,26730.0,3.0,4.0,3.0,343
314,323.0,2.0,47130.0,3.0,4.0,2.0,342
315,170.0,4.0,56490.0,4.0,2.0,1.0,421
316,386.0,6.0,64230.0,3.0,1.0,1.0,311
317,959.0,3.0,41510.0,1.0,2.0,2.0,122
318,213.0,5.0,88390.0,4.0,1.0,1.0,411
319,938.0,2.0,21040.0,1.0,4.0,4.0,144
320,161.0,3.0,42140.0,4.0,2.0,2.0,422
321,1580.0,1.0,900.0,1.0,4.0,4.0,144
322,1138.0,2.0,38360.0,1.0,4.0,2.0,142
323,1034.0,2.0,43060.0,1.0,4.0,2.0,142
324,600.0,5.0,77900.0,2.0,1.0,1.0,211
325,407.0,3.0,70440.0,3.0,2.0,1.0,321
326,623.0,1.0,2320.0,2.0,4.0,4.0,244
327,176.0,6.0,81570.0,4.0,1.0,1.0,411
328,253.0,6.0,104450.0,4.0,1.0,1.0,411
329,377.0,1.0,20030.0,3.0,4.0,4.0,344
330,253.0,2.0,22970.0,4.0,4.0,3.0,443
331,383.0,2.0,29560.0,3.0,4.0,3.0,343
332,274.0,2.0,28310.0,4.0,4.0,3.0,443
333,178.0,4.0,43270.0,4.0,2.0,2.0,422
334,1010.0,3.0,28930.0,1.0,2.0,3.0,123
335,981.0,2.0,48210.0,1.0,4.0,2.0,142
336,335.0,4.0,70370.0,3.0,2.0,1.0,321
337,650.0,2.0,38510.0,2.0,4.0,2.0,242
338,605.0,3.0,53410.0,2.0,2.0,2.0,222
341,198.0,3.0,67280.0,4.0,2.0,1.0,421
342,635.0,1.0,8550.0,2.0,4.0,4.0,244
343,147.0,4.0,33580.0,4.0,2.0,3.0,423
344,845.0,2.0,46520.0,1.0,4.0,2.0,142
345,385.0,3.0,54400.0,3.0,2.0,2.0,322
346,955.0,1.0,8920.0,1.0,4.0,4.0,144
347,972.0,4.0,54430.0,1.0,2.0,2.0,122
348,1238.0,2.0,39560.0,1.0,4.0,2.0,142
349,547.0,1.0,20340.0,2.0,4.0,4.0,244
350,178.0,4.0,81920.0,4.0,2.0,1.0,421
351,384.0,2.0,8890.0,3.0,4.0,4.0,344
352,786.0,1.0,4200.0,2.0,4.0,4.0,244
353,775.0,3.0,54790.0,2.0,2.0,2.0,222
354,675.0,6.0,103190.0,2.0,1.0,1.0,211
355,802.0,4.0,58830.0,2.0,2.0,1.0,221
356,203.0,2.0,28750.0,4.0,4.0,3.0,443
357,214.0,1.0,12480.0,4.0,4.0,4.0,444
359,966.0,3.0,20160.0,1.0,2.0,4.0,124
360,914.0,1.0,1140.0,1.0,4.0,4.0,144
361,214.0,3.0,46920.0,4.0,2.0,2.0,422
362,485.0,4.0,84040.0,2.0,2.0,1.0,221
363,181.0,3.0,30070.0,4.0,2.0,3.0,423
364,906.0,3.0,36070.0,1.0,2.0,3.0,123
365,411.0,4.0,66830.0,3.0,2.0,1.0,321
367,191.0,4.0,63010.0,4.0,2.0,1.0,421
369,369.0,4.0,53850.0,3.0,2.0,2.0,322
370,273.0,4.0,51330.0,4.0,2.0,2.0,422
371,377.0,3.0,62890.0,3.0,2.0,1.0,321
372,290.0,6.0,105060.0,3.0,1.0,1.0,311
374,559.0,4.0,39180.0,2.0,2.0,2.0,222
375,170.0,4.0,36300.0,4.0,2.0,2.0,422
376,150.0,6.0,60900.0,4.0,1.0,1.0,411
377,165.0,4.0,61160.0,4.0,2.0,1.0,421
378,283.0,3.0,40330.0,3.0,2.0,2.0,322
379,1433.0,1.0,22790.0,1.0,4.0,3.0,143
380,201.0,3.0,27620.0,4.0,2.0,3.0,423
381,1186.0,2.0,5660.0,1.0,4.0,4.0,144
382,1455.0,1.0,21710.0,1.0,4.0,3.0,143
383,212.0,5.0,35100.0,4.0,1.0,3.0,413
384,671.0,2.0,23180.0,2.0,4.0,3.0,243
385,631.0,1.0,9360.0,2.0,4.0,4.0,244
386,394.0,2.0,32860.0,3.0,4.0,3.0,343
387,317.0,3.0,42200.0,3.0,2.0,2.0,322
388,239.0,5.0,62450.0,4.0,1.0,1.0,411
389,815.0,3.0,31480.0,2.0,2.0,3.0,223
390,315.0,3.0,40510.0,3.0,2.0,2.0,322
391,243.0,3.0,22960.0,4.0,2.0,3.0,423
392,789.0,6.0,100200.0,2.0,1.0,1.0,211
393,389.0,2.0,48820.0,3.0,4.0,2.0,342
395,149.0,2.0,45960.0,4.0,4.0,2.0,442
396,195.0,6.0,113260.0,4.0,1.0,1.0,411
397,150.0,1.0,960.0,4.0,4.0,4.0,444
398,351.0,2.0,52890.0,3.0,4.0,2.0,342
399,1124.0,1.0,6070.0,1.0,4.0,4.0,144
400,218.0,2.0,50060.0,4.0,4.0,2.0,442
401,226.0,3.0,19920.0,4.0,2.0,4.0,424
402,859.0,2.0,35900.0,1.0,4.0,3.0,143
403,458.0,3.0,24230.0,3.0,2.0,3.0,323
404,269.0,3.0,53430.0,4.0,2.0,2.0,422
405,916.0,1.0,19380.0,1.0,4.0,4.0,144
406,343.0,5.0,71450.0,3.0,1.0,1.0,311
407,228.0,4.0,34830.0,4.0,2.0,3.0,423
408,214.0,4.0,47380.0,4.0,2.0,2.0,422
409,459.0,2.0,41530.0,3.0,4.0,2.0,342
410,137.0,3.0,52010.0,4.0,2.0,2.0,422
411,238.0,3.0,23550.0,4.0,2.0,3.0,423
412,325.0,2.0,53940.0,3.0,4.0,2.0,342
413,1257.0,1.0,480.0,1.0,4.0,4.0,144
414,202.0,3.0,30520.0,4.0,2.0,3.0,423
415,389.0,4.0,74840.0,3.0,2.0,1.0,321
416,406.0,4.0,69760.0,3.0,2.0,1.0,321
417,489.0,4.0,57190.0,2.0,2.0,1.0,221
418,136.0,5.0,76640.0,4.0,1.0,1.0,411
419,292.0,3.0,33490.0,3.0,2.0,3.0,323
420,610.0,1.0,12480.0,2.0,4.0,4.0,244
421,309.0,3.0,40830.0,3.0,2.0,2.0,322
423,1000.0,3.0,38880.0,1.0,2.0,2.0,122
424,385.0,2.0,45030.0,3.0,4.0,2.0,342
425,742.0,3.0,26660.0,2.0,2.0,3.0,223
426,217.0,2.0,27100.0,4.0,4.0,3.0,443
427,294.0,4.0,74180.0,3.0,2.0,1.0,321
428,769.0,2.0,32400.0,2.0,4.0,3.0,243
429,608.0,4.0,58270.0,2.0,2.0,1.0,221
431,618.0,4.0,26540.0,2.0,2.0,3.0,223
432,1428.0,1.0,12920.0,1.0,4.0,4.0,144
433,777.0,3.0,10380.0,2.0,2.0,4.0,224
434,1162.0,6.0,127960.0,1.0,1.0,1.0,111
435,758.0,2.0,30110.0,2.0,4.0,3.0,243
436,1034.0,2.0,16900.0,1.0,4.0,4.0,144
437,1008.0,3.0,36480.0,1.0,2.0,2.0,122
438,419.0,3.0,28360.0,3.0,2.0,3.0,323
439,712.0,5.0,38580.0,2.0,1.0,2.0,212
440,695.0,1.0,27820.0,2.0,4.0,3.0,243
441,307.0,6.0,77080.0,3.0,1.0,1.0,311
442,190.0,3.0,50620.0,4.0,2.0,2.0,422
444,896.0,1.0,5440.0,1.0,4.0,4.0,144
445,135.0,7.0,132450.0,4.0,1.0,1.0,411
446,436.0,2.0,15230.0,3.0,4.0,4.0,344
447,1173.0,1.0,26930.0,1.0,4.0,3.0,143
449,245.0,1.0,8980.0,4.0,4.0,4.0,444
450,1224.0,1.0,5850.0,1.0,4.0,4.0,144
452,239.0,5.0,41230.0,4.0,1.0,2.0,412
453,435.0,4.0,62700.0,3.0,2.0,1.0,321
454,585.0,2.0,53140.0,2.0,4.0,2.0,242
456,663.0,4.0,64140.0,2.0,2.0,1.0,221
457,207.0,3.0,27180.0,4.0,2.0,3.0,423
458,247.0,2.0,31360.0,4.0,4.0,3.0,443
459,512.0,5.0,50220.0,2.0,1.0,2.0,212
460,210.0,3.0,38140.0,4.0,2.0,2.0,422
461,341.0,2.0,46770.0,3.0,4.0,2.0,342
462,879.0,1.0,90.0,1.0,4.0,4.0,144
465,1094.0,3.0,16540.0,1.0,2.0,4.0,124
466,1260.0,2.0,20100.0,1.0,4.0,4.0,144
467,340.0,1.0,13970.0,3.0,4.0,4.0,344
468,633.0,6.0,94910.0,2.0,1.0,1.0,211
469,716.0,2.0,10450.0,2.0,4.0,4.0,244
470,176.0,3.0,46150.0,4.0,2.0,2.0,422
471,604.0,1.0,390.0,2.0,4.0,4.0,244
473,215.0,4.0,83640.0,4.0,2.0,1.0,421
474,1309.0,2.0,42800.0,1.0,4.0,2.0,142
475,402.0,3.0,55060.0,3.0,2.0,2.0,322
476,400.0,2.0,32060.0,3.0,4.0,3.0,343
477,213.0,6.0,61250.0,4.0,1.0,1.0,411
478,366.0,4.0,51340.0,3.0,2.0,2.0,322
479,301.0,6.0,90000.0,3.0,1.0,1.0,311
480,264.0,3.0,64330.0,4.0,2.0,1.0,421
481,1279.0,1.0,21820.0,1.0,4.0,3.0,143
482,375.0,6.0,77130.0,3.0,1.0,1.0,311
483,906.0,1.0,18140.0,1.0,4.0,4.0,144
484,435.0,2.0,26420.0,3.0,4.0,3.0,343
485,1081.0,1.0,29550.0,1.0,4.0,3.0,143
486,303.0,2.0,40600.0,3.0,4.0,2.0,342
487,1537.0,1.0,5160.0,1.0,4.0,4.0,144
488,178.0,7.0,101170.0,4.0,1.0,1.0,411
489,523.0,3.0,29040.0,2.0,2.0,3.0,223
490,1166.0,1.0,8690.0,1.0,4.0,4.0,144
491,373.0,3.0,62880.0,3.0,2.0,1.0,321
492,562.0,2.0,47870.0,2.0,4.0,2.0,242
493,1028.0,3.0,47130.0,1.0,2.0,2.0,122
494,1127.0,3.0,53300.0,1.0,2.0,2.0,122
495,265.0,4.0,31840.0,4.0,2.0,3.0,423
496,729.0,3.0,37120.0,2.0,2.0,2.0,222
497,537.0,2.0,21700.0,2.0,4.0,3.0,243
498,1224.0,2.0,39110.0,1.0,4.0,2.0,142
499,291.0,3.0,58000.0,3.0,2.0,1.0,321
500,214.0,2.0,36350.0,4.0,4.0,2.0,442
501,240.0,4.0,70880.0,4.0,2.0,1.0,421
502,797.0,1.0,27380.0,2.0,4.0,3.0,243
504,345.0,4.0,39500.0,3.0,2.0,2.0,322
505,522.0,1.0,4280.0,2.0,4.0,4.0,244
506,452.0,5.0,94030.0,3.0,1.0,1.0,311
507,1044.0,1.0,2900.0,1.0,4.0,4.0,144
508,297.0,3.0,52410.0,3.0,2.0,2.0,322
509,543.0,3.0,19680.0,2.0,2.0,4.0,224
510,323.0,4.0,61980.0,3.0,2.0,1.0,321
511,743.0,4.0,84910.0,2.0,2.0,1.0,221
512,1049.0,2.0,45020.0,1.0,4.0,2.0,142
513,381.0,4.0,52620.0,3.0,2.0,2.0,322
514,1319.0,1.0,8360.0,1.0,4.0,4.0,144
515,447.0,2.0,54580.0,3.0,4.0,2.0,342
516,557.0,2.0,46390.0,2.0,4.0,2.0,242
517,507.0,2.0,11940.0,2.0,4.0,4.0,244
518,651.0,3.0,44690.0,2.0,2.0,2.0,222
520,1021.0,2.0,30120.0,1.0,4.0,3.0,143
521,462.0,3.0,57940.0,3.0,2.0,1.0,321
522,212.0,1.0,17740.0,4.0,4.0,4.0,444
523,1102.0,1.0,29640.0,1.0,4.0,3.0,143
524,1451.0,1.0,22800.0,1.0,4.0,3.0,143
525,276.0,3.0,40280.0,4.0,2.0,2.0,422
526,592.0,2.0,24090.0,2.0,4.0,3.0,243
527,842.0,2.0,33330.0,1.0,4.0,3.0,143
528,1427.0,1.0,8450.0,1.0,4.0,4.0,144
529,190.0,6.0,88080.0,4.0,1.0,1.0,411
530,1544.0,2.0,24830.0,1.0,4.0,3.0,143
531,244.0,1.0,25480.0,4.0,4.0,3.0,443
532,255.0,4.0,51820.0,4.0,2.0,2.0,422
533,151.0,3.0,24250.0,4.0,2.0,3.0,423
534,1093.0,3.0,54350.0,1.0,2.0,2.0,122
535,162.0,5.0,89920.0,4.0,1.0,1.0,411
536,871.0,1.0,29960.0,1.0,4.0,3.0,143
537,512.0,2.0,25840.0,2.0,4.0,3.0,243
538,744.0,5.0,94160.0,2.0,1.0,1.0,211
539,268.0,2.0,28880.0,4.0,4.0,3.0,443
540,1038.0,1.0,23550.0,1.0,4.0,3.0,143
541,895.0,2.0,46100.0,1.0,4.0,2.0,142
542,400.0,2.0,22660.0,3.0,4.0,3.0,343
544,1185.0,2.0,27380.0,1.0,4.0,3.0,143
545,259.0,4.0,43990.0,4.0,2.0,2.0,422
546,362.0,2.0,31940.0,3.0,4.0,3.0,343
547,301.0,3.0,65740.0,3.0,2.0,1.0,321
548,719.0,3.0,48740.0,2.0,2.0,2.0,222
549,406.0,3.0,27480.0,3.0,2.0,3.0,323
550,261.0,5.0,54380.0,4.0,1.0,2.0,412
551,300.0,3.0,40640.0,3.0,2.0,2.0,322
552,1565.0,1.0,15550.0,1.0,4.0,4.0,144
553,827.0,3.0,34730.0,1.0,2.0,3.0,123
554,595.0,4.0,79040.0,2.0,2.0,1.0,221
555,549.0,6.0,94010.0,2.0,1.0,1.0,211
556,1385.0,1.0,16310.0,1.0,4.0,4.0,144
557,185.0,7.0,142710.0,4.0,1.0,1.0,411
558,183.0,4.0,63110.0,4.0,2.0,1.0,421
559,393.0,3.0,53860.0,3.0,2.0,2.0,322
560,197.0,4.0,37170.0,4.0,2.0,2.0,422
561,303.0,2.0,51560.0,3.0,4.0,2.0,342
562,483.0,2.0,19220.0,3.0,4.0,4.0,344
563,1195.0,4.0,32580.0,1.0,2.0,3.0,123
564,632.0,1.0,23250.0,2.0,4.0,3.0,243
565,325.0,1.0,13820.0,3.0,4.0,4.0,344
566,344.0,3.0,49550.0,3.0,2.0,2.0,322
567,138.0,1.0,23690.0,4.0,4.0,3.0,443
568,1591.0,1.0,9470.0,1.0,4.0,4.0,144
569,166.0,3.0,58480.0,4.0,2.0,1.0,421
570,198.0,5.0,29240.0,4.0,1.0,3.0,413
571,990.0,1.0,8260.0,1.0,4.0,4.0,144
573,594.0,1.0,28750.0,2.0,4.0,3.0,243
574,572.0,2.0,3390.0,2.0,4.0,4.0,244
575,608.0,1.0,9970.0,2.0,4.0,4.0,244
576,347.0,3.0,25760.0,3.0,2.0,3.0,323
577,1579.0,1.0,28200.0,1.0,4.0,3.0,143
578,872.0,2.0,54940.0,1.0,4.0,2.0,142
579,300.0,2.0,19740.0,3.0,4.0,4.0,344
580,593.0,3.0,23400.0,2.0,2.0,3.0,223
581,1466.0,1.0,15910.0,1.0,4.0,4.0,144
582,488.0,2.0,49850.0,2.0,4.0,2.0,242
583,1435.0,1.0,5040.0,1.0,4.0,4.0,144
584,1067.0,2.0,38750.0,1.0,4.0,2.0,142
585,557.0,2.0,13140.0,2.0,4.0,4.0,244
586,361.0,1.0,12140.0,3.0,4.0,4.0,344
587,148.0,2.0,25750.0,4.0,4.0,3.0,443
588,851.0,3.0,51740.0,1.0,2.0,2.0,122
589,206.0,3.0,43640.0,4.0,2.0,2.0,422
590,484.0,1.0,22490.0,3.0,4.0,3.0,343
592,1250.0,2.0,43860.0,1.0,4.0,2.0,142
593,643.0,1.0,24080.0,2.0,4.0,3.0,243
594,1049.0,1.0,22390.0,1.0,4.0,3.0,143
595,196.0,4.0,62000.0,4.0,2.0,1.0,421
596,399.0,3.0,71850.0,3.0,2.0,1.0,321
597,273.0,1.0,11300.0,4.0,4.0,4.0,444
598,420.0,1.0,12960.0,3.0,4.0,4.0,344
599,444.0,3.0,51000.0,3.0,2.0,2.0,322
600,328.0,3.0,39310.0,3.0,2.0,2.0,322
601,241.0,2.0,46280.0,4.0,4.0,2.0,442
602,509.0,1.0,17000.0,2.0,4.0,4.0,244
603,358.0,3.0,55220.0,3.0,2.0,2.0,322
604,1539.0,1.0,5670.0,1.0,4.0,4.0,144
605,613.0,2.0,25760.0,2.0,4.0,3.0,243
606,177.0,1.0,9860.0,4.0,4.0,4.0,444
607,878.0,3.0,35100.0,1.0,2.0,3.0,123
608,332.0,3.0,45340.0,3.0,2.0,2.0,322
609,176.0,2.0,37720.0,4.0,4.0,2.0,442
610,236.0,2.0,12390.0,4.0,4.0,4.0,444
611,1449.0,1.0,16580.0,1.0,4.0,4.0,144
612,602.0,3.0,68240.0,2.0,2.0,1.0,221
614,169.0,3.0,35290.0,4.0,2.0,3.0,423
615,1028.0,2.0,16020.0,1.0,4.0,4.0,144
616,287.0,1.0,21310.0,3.0,4.0,3.0,343
617,1590.0,1.0,5480.0,1.0,4.0,4.0,144
619,580.0,3.0,51420.0,2.0,2.0,2.0,222
620,172.0,1.0,11090.0,4.0,4.0,4.0,444
621,207.0,2.0,27040.0,4.0,4.0,3.0,443
622,667.0,3.0,47080.0,2.0,2.0,2.0,222
623,170.0,5.0,79690.0,4.0,1.0,1.0,411
624,268.0,5.0,91360.0,4.0,1.0,1.0,411
625,336.0,3.0,46750.0,3.0,2.0,2.0,322
626,872.0,4.0,84480.0,1.0,2.0,1.0,121
627,585.0,3.0,25780.0,2.0,2.0,3.0,223
628,166.0,2.0,10750.0,4.0,4.0,4.0,444
629,857.0,1.0,23350.0,1.0,4.0,3.0,143
630,231.0,3.0,41230.0,4.0,2.0,2.0,422
631,360.0,4.0,70670.0,3.0,2.0,1.0,321
633,256.0,5.0,51360.0,4.0,1.0,2.0,412
634,553.0,1.0,17360.0,2.0,4.0,4.0,244
635,154.0,2.0,23040.0,4.0,4.0,3.0,443
636,207.0,4.0,67780.0,4.0,2.0,1.0,421
637,307.0,3.0,52450.0,3.0,2.0,2.0,322
638,300.0,3.0,58040.0,3.0,2.0,1.0,321
639,192.0,2.0,13860.0,4.0,4.0,4.0,444
641,958.0,2.0,28040.0,1.0,4.0,3.0,143
642,658.0,3.0,14420.0,2.0,2.0,4.0,224
643,710.0,1.0,12150.0,2.0,4.0,4.0,244
644,383.0,4.0,83230.0,3.0,2.0,1.0,321
645,538.0,4.0,84110.0,2.0,2.0,1.0,221
646,698.0,2.0,51150.0,2.0,4.0,2.0,242
648,351.0,4.0,62980.0,3.0,2.0,1.0,321
649,576.0,2.0,52550.0,2.0,4.0,2.0,242
650,370.0,4.0,54280.0,3.0,2.0,2.0,322
651,1112.0,4.0,44010.0,1.0,2.0,2.0,122
652,766.0,5.0,86650.0,2.0,1.0,1.0,211
654,202.0,6.0,88210.0,4.0,1.0,1.0,411
655,946.0,2.0,35080.0,1.0,4.0,3.0,143
656,215.0,4.0,78150.0,4.0,2.0,1.0,421
657,375.0,3.0,25050.0,3.0,2.0,3.0,323
658,189.0,4.0,63480.0,4.0,2.0,1.0,421
660,1489.0,1.0,6360.0,1.0,4.0,4.0,144
661,863.0,2.0,38990.0,1.0,4.0,2.0,142
662,196.0,4.0,68320.0,4.0,2.0,1.0,421
663,815.0,2.0,27400.0,2.0,4.0,3.0,243
664,262.0,3.0,51290.0,4.0,2.0,2.0,422
665,1211.0,2.0,5600.0,1.0,4.0,4.0,144
666,206.0,2.0,30320.0,4.0,4.0,3.0,443
668,703.0,2.0,31530.0,2.0,4.0,3.0,243
669,1139.0,2.0,23770.0,1.0,4.0,3.0,143
670,350.0,3.0,23600.0,3.0,2.0,3.0,323
671,733.0,3.0,17410.0,2.0,2.0,4.0,224
672,601.0,4.0,81860.0,2.0,2.0,1.0,221
673,724.0,2.0,39410.0,2.0,4.0,2.0,242
674,324.0,2.0,35250.0,3.0,4.0,3.0,343
675,380.0,4.0,64570.0,3.0,2.0,1.0,321
676,1060.0,1.0,7630.0,1.0,4.0,4.0,144
677,381.0,2.0,44720.0,3.0,4.0,2.0,342
678,1585.0,1.0,25150.0,1.0,4.0,3.0,143
680,343.0,5.0,104230.0,3.0,1.0,1.0,311
681,683.0,2.0,5510.0,2.0,4.0,4.0,244
682,1113.0,2.0,34390.0,1.0,4.0,3.0,143
683,319.0,4.0,65590.0,3.0,2.0,1.0,321
684,313.0,3.0,49830.0,3.0,2.0,2.0,322
685,132.0,3.0,30450.0,4.0,2.0,3.0,423
686,369.0,1.0,14920.0,3.0,4.0,4.0,344
687,313.0,5.0,87010.0,3.0,1.0,1.0,311
688,331.0,2.0,19260.0,3.0,4.0,4.0,344
690,136.0,2.0,34920.0,4.0,4.0,3.0,443
691,164.0,6.0,78200.0,4.0,1.0,1.0,411
692,1094.0,1.0,20440.0,1.0,4.0,4.0,144
693,743.0,3.0,53120.0,2.0,2.0,2.0,222
694,1187.0,1.0,6360.0,1.0,4.0,4.0,144
695,940.0,2.0,22050.0,1.0,4.0,3.0,143
696,246.0,1.0,27380.0,4.0,4.0,3.0,443
697,684.0,2.0,28130.0,2.0,4.0,3.0,243
698,270.0,3.0,43070.0,4.0,2.0,2.0,422
699,341.0,2.0,20110.0,3.0,4.0,4.0,344
700,485.0,5.0,70200.0,2.0,1.0,1.0,211
701,460.0,3.0,41490.0,3.0,2.0,2.0,322
702,340.0,2.0,23030.0,3.0,4.0,3.0,343
703,1520.0,1.0,10760.0,1.0,4.0,4.0,144
704,667.0,2.0,29230.0,2.0,4.0,3.0,243
705,662.0,4.0,40380.0,2.0,2.0,2.0,222
706,713.0,2.0,27230.0,2.0,4.0,3.0,243
707,853.0,1.0,10280.0,1.0,4.0,4.0,144
708,683.0,3.0,67500.0,2.0,2.0,1.0,221
710,735.0,1.0,26210.0,2.0,4.0,3.0,243
711,232.0,2.0,30270.0,4.0,4.0,3.0,443
712,823.0,1.0,1270.0,1.0,4.0,4.0,144
713,417.0,6.0,66340.0,3.0,1.0,1.0,311
714,255.0,3.0,65430.0,4.0,2.0,1.0,421
715,187.0,4.0,63250.0,4.0,2.0,1.0,421
716,481.0,5.0,65380.0,3.0,1.0,1.0,311
718,192.0,4.0,77440.0,4.0,2.0,1.0,421
720,739.0,2.0,7530.0,2.0,4.0,4.0,244
721,952.0,1.0,17340.0,1.0,4.0,4.0,144
722,351.0,4.0,89760.0,3.0,2.0,1.0,321
723,530.0,1.0,6440.0,2.0,4.0,4.0,244
724,838.0,3.0,62290.0,1.0,2.0,1.0,121
725,578.0,1.0,3040.0,2.0,4.0,4.0,244
726,795.0,1.0,2020.0,2.0,4.0,4.0,244
727,480.0,3.0,15620.0,3.0,2.0,4.0,324
728,842.0,1.0,18110.0,1.0,4.0,4.0,144
729,239.0,6.0,93430.0,4.0,1.0,1.0,411
730,396.0,3.0,41540.0,3.0,2.0,2.0,322
731,1340.0,2.0,52700.0,1.0,4.0,2.0,142
732,146.0,4.0,60850.0,4.0,2.0,1.0,421
733,1006.0,1.0,11130.0,1.0,4.0,4.0,144
734,385.0,3.0,38570.0,3.0,2.0,2.0,322
735,445.0,2.0,23670.0,3.0,4.0,3.0,343
736,984.0,2.0,36930.0,1.0,4.0,2.0,142
737,621.0,1.0,24400.0,2.0,4.0,3.0,243
738,1587.0,2.0,20460.0,1.0,4.0,4.0,144
739,673.0,3.0,73120.0,2.0,2.0,1.0,221
741,260.0,5.0,99970.0,4.0,1.0,1.0,411
742,173.0,2.0,32040.0,4.0,4.0,3.0,443
743,843.0,2.0,40740.0,1.0,4.0,2.0,142
744,436.0,1.0,25950.0,3.0,4.0,3.0,343
745,396.0,2.0,55370.0,3.0,4.0,2.0,342
746,562.0,4.0,58050.0,2.0,2.0,1.0,221
747,537.0,5.0,93060.0,2.0,1.0,1.0,211
748,357.0,2.0,34710.0,3.0,4.0,3.0,343
749,1081.0,2.0,22960.0,1.0,4.0,3.0,143
750,898.0,2.0,32290.0,1.0,4.0,3.0,143
751,839.0,2.0,31500.0,1.0,4.0,3.0,143
752,755.0,4.0,66300.0,2.0,2.0,1.0,221
753,173.0,4.0,81790.0,4.0,2.0,1.0,421
754,203.0,3.0,28570.0,4.0,2.0,3.0,423
755,144.0,2.0,24870.0,4.0,4.0,3.0,443
756,438.0,2.0,19910.0,3.0,4.0,4.0,344
757,157.0,3.0,28530.0,4.0,2.0,3.0,423
758,377.0,4.0,45290.0,3.0,2.0,2.0,322
759,747.0,1.0,21460.0,2.0,4.0,3.0,243
760,154.0,3.0,43640.0,4.0,2.0,2.0,422
761,196.0,6.0,100470.0,4.0,1.0,1.0,411
762,474.0,4.0,50320.0,3.0,2.0,2.0,322
763,622.0,2.0,15520.0,2.0,4.0,4.0,244
764,573.0,2.0,45100.0,2.0,4.0,2.0,242
765,1363.0,1.0,3740.0,1.0,4.0,4.0,144
766,534.0,3.0,22690.0,2.0,2.0,3.0,223
767,1518.0,2.0,54250.0,1.0,4.0,2.0,142
769,446.0,3.0,69310.0,3.0,2.0,1.0,321
770,1204.0,2.0,17020.0,1.0,4.0,4.0,144
771,1035.0,6.0,100950.0,1.0,1.0,1.0,111
772,992.0,1.0,5690.0,1.0,4.0,4.0,144
773,165.0,3.0,48930.0,4.0,2.0,2.0,422
774,1474.0,1.0,15030.0,1.0,4.0,4.0,144
776,798.0,1.0,15870.0,2.0,4.0,4.0,244
777,272.0,3.0,53950.0,4.0,2.0,2.0,422
778,256.0,1.0,13160.0,4.0,4.0,4.0,444
779,489.0,6.0,38210.0,2.0,1.0,2.0,212
780,298.0,2.0,38180.0,3.0,4.0,2.0,342
781,200.0,3.0,45620.0,4.0,2.0,2.0,422
782,597.0,7.0,101020.0,2.0,1.0,1.0,211
783,1435.0,1.0,11610.0,1.0,4.0,4.0,144
784,455.0,3.0,48920.0,3.0,2.0,2.0,322
785,550.0,3.0,62790.0,2.0,2.0,1.0,221
786,480.0,5.0,60820.0,3.0,1.0,1.0,311
787,397.0,7.0,83440.0,3.0,1.0,1.0,311
788,393.0,1.0,13310.0,3.0,4.0,4.0,344
789,958.0,2.0,48580.0,1.0,4.0,2.0,142
790,777.0,2.0,33680.0,2.0,4.0,3.0,243
791,363.0,5.0,88460.0,3.0,1.0,1.0,311
792,1113.0,2.0,19860.0,1.0,4.0,4.0,144
793,487.0,2.0,33810.0,2.0,4.0,3.0,243
794,302.0,1.0,25570.0,3.0,4.0,3.0,343
795,685.0,2.0,31220.0,2.0,4.0,3.0,243
796,368.0,3.0,27850.0,3.0,2.0,3.0,323
797,1230.0,1.0,14110.0,1.0,4.0,4.0,144
798,697.0,4.0,82780.0,2.0,2.0,1.0,221
799,229.0,3.0,44100.0,4.0,2.0,2.0,422
800,194.0,3.0,55210.0,4.0,2.0,2.0,422
801,532.0,2.0,10710.0,2.0,4.0,4.0,244
802,1219.0,1.0,4920.0,1.0,4.0,4.0,144
803,498.0,4.0,24910.0,2.0,2.0,3.0,223
804,262.0,4.0,91760.0,4.0,2.0,1.0,421
805,284.0,2.0,35660.0,3.0,4.0,3.0,343
806,558.0,4.0,98830.0,2.0,2.0,1.0,221
807,622.0,2.0,38790.0,2.0,4.0,2.0,242
808,232.0,3.0,39410.0,4.0,2.0,2.0,422
809,611.0,2.0,26430.0,2.0,4.0,3.0,243
810,235.0,4.0,58200.0,4.0,2.0,1.0,421
811,834.0,3.0,77310.0,1.0,2.0,1.0,121
812,418.0,4.0,92140.0,3.0,2.0,1.0,321
813,391.0,5.0,53680.0,3.0,1.0,2.0,312
814,396.0,2.0,7630.0,3.0,4.0,4.0,344
815,411.0,2.0,38510.0,3.0,4.0,2.0,342
816,173.0,6.0,94750.0,4.0,1.0,1.0,411
817,994.0,4.0,39840.0,1.0,2.0,2.0,122
818,558.0,4.0,23920.0,2.0,2.0,3.0,223
819,319.0,2.0,2550.0,3.0,4.0,4.0,344
820,692.0,3.0,58930.0,2.0,2.0,1.0,221
821,164.0,1.0,29190.0,4.0,4.0,3.0,443
822,1236.0,2.0,26420.0,1.0,4.0,3.0,143
823,1123.0,2.0,38440.0,1.0,4.0,2.0,142
824,267.0,2.0,21760.0,4.0,4.0,3.0,443
825,132.0,2.0,26310.0,4.0,4.0,3.0,443
826,246.0,2.0,34650.0,4.0,4.0,3.0,443
827,994.0,2.0,27350.0,1.0,4.0,3.0,143
828,690.0,4.0,73530.0,2.0,2.0,1.0,221
829,966.0,2.0,38360.0,1.0,4.0,2.0,142
830,1461.0,2.0,15950.0,1.0,4.0,4.0,144
831,219.0,7.0,104780.0,4.0,1.0,1.0,411
832,930.0,1.0,4980.0,1.0,4.0,4.0,144
833,668.0,4.0,55220.0,2.0,2.0,2.0,222
834,359.0,4.0,62580.0,3.0,2.0,1.0,321
835,1155.0,3.0,42020.0,1.0,2.0,2.0,122
836,192.0,5.0,102610.0,4.0,1.0,1.0,411
837,310.0,5.0,103780.0,3.0,1.0,1.0,311
838,804.0,2.0,16430.0,2.0,4.0,4.0,244
839,380.0,5.0,44090.0,3.0,1.0,2.0,312
841,1140.0,1.0,29320.0,1.0,4.0,3.0,143
842,331.0,4.0,33560.0,3.0,2.0,3.0,323
843,958.0,1.0,9700.0,1.0,4.0,4.0,144
844,1075.0,3.0,52390.0,1.0,2.0,2.0,122
845,220.0,2.0,20490.0,4.0,4.0,4.0,444
846,442.0,6.0,132770.0,3.0,1.0,1.0,311
847,271.0,3.0,62500.0,4.0,2.0,1.0,421
848,145.0,3.0,45200.0,4.0,2.0,2.0,422
849,1449.0,1.0,20570.0,1.0,4.0,4.0,144
850,195.0,5.0,71600.0,4.0,1.0,1.0,411
851,279.0,1.0,21140.0,4.0,4.0,4.0,444
852,145.0,1.0,5530.0,4.0,4.0,4.0,444
853,323.0,3.0,56110.0,3.0,2.0,1.0,321
854,287.0,2.0,34260.0,3.0,4.0,3.0,343
855,455.0,6.0,71790.0,3.0,1.0,1.0,311
856,1144.0,2.0,43720.0,1.0,4.0,2.0,142
857,139.0,3.0,59160.0,4.0,2.0,1.0,421
858,137.0,1.0,27890.0,4.0,4.0,3.0,443
859,152.0,3.0,47400.0,4.0,2.0,2.0,422
860,1462.0,1.0,12850.0,1.0,4.0,4.0,144
861,800.0,2.0,23050.0,2.0,4.0,3.0,243
863,422.0,7.0,112370.0,3.0,1.0,1.0,311
865,905.0,2.0,43120.0,1.0,4.0,2.0,142
866,230.0,4.0,57360.0,4.0,2.0,1.0,421
867,1000.0,3.0,63800.0,1.0,2.0,1.0,121
868,1143.0,2.0,31380.0,1.0,4.0,3.0,143
869,915.0,1.0,13770.0,1.0,4.0,4.0,144
870,201.0,5.0,60930.0,4.0,1.0,1.0,411
871,1102.0,1.0,20480.0,1.0,4.0,4.0,144
872,579.0,2.0,22760.0,2.0,4.0,3.0,243
873,849.0,1.0,14580.0,1.0,4.0,4.0,144
874,1207.0,1.0,19430.0,1.0,4.0,4.0,144
875,1010.0,3.0,26450.0,1.0,2.0,3.0,123
877,720.0,3.0,16760.0,2.0,2.0,4.0,224
878,296.0,3.0,51110.0,3.0,2.0,2.0,322
880,268.0,4.0,54050.0,4.0,2.0,2.0,422
881,214.0,4.0,45750.0,4.0,2.0,2.0,422
882,194.0,4.0,44170.0,4.0,2.0,2.0,422
883,1085.0,2.0,18530.0,1.0,4.0,4.0,144
884,207.0,4.0,55790.0,4.0,2.0,1.0,421
885,501.0,6.0,100560.0,2.0,1.0,1.0,211
886,694.0,2.0,7570.0,2.0,4.0,4.0,244
888,1558.0,1.0,3220.0,1.0,4.0,4.0,144
889,535.0,4.0,25400.0,2.0,2.0,3.0,223
890,709.0,1.0,15220.0,2.0,4.0,4.0,244
891,383.0,3.0,40370.0,3.0,2.0,2.0,322
892,133.0,3.0,49630.0,4.0,2.0,2.0,422
893,412.0,3.0,46540.0,3.0,2.0,2.0,322
894,433.0,2.0,29750.0,3.0,4.0,3.0,343
896,1510.0,1.0,14850.0,1.0,4.0,4.0,144
897,276.0,3.0,34200.0,4.0,2.0,3.0,423
898,360.0,5.0,89790.0,3.0,1.0,1.0,311
899,1470.0,1.0,16640.0,1.0,4.0,4.0,144
900,232.0,3.0,57090.0,4.0,2.0,1.0,421
901,176.0,3.0,60600.0,4.0,2.0,1.0,421
902,1138.0,1.0,7390.0,1.0,4.0,4.0,144
904,913.0,1.0,19340.0,1.0,4.0,4.0,144
905,1306.0,1.0,7210.0,1.0,4.0,4.0,144
906,493.0,4.0,51370.0,2.0,2.0,2.0,222
907,709.0,1.0,3970.0,2.0,4.0,4.0,244
908,745.0,4.0,66210.0,2.0,2.0,1.0,221
909,269.0,4.0,90640.0,4.0,2.0,1.0,421
910,569.0,1.0,10920.0,2.0,4.0,4.0,244
911,1050.0,3.0,39260.0,1.0,2.0,2.0,122
912,1335.0,1.0,4630.0,1.0,4.0,4.0,144
913,651.0,3.0,23150.0,2.0,2.0,3.0,223
914,1176.0,1.0,22280.0,1.0,4.0,3.0,143
915,707.0,1.0,6340.0,2.0,4.0,4.0,244
916,506.0,2.0,3890.0,2.0,4.0,4.0,244
917,570.0,6.0,55280.0,2.0,1.0,2.0,212
918,712.0,7.0,113290.0,2.0,1.0,1.0,211
919,1163.0,2.0,33650.0,1.0,4.0,3.0,143
920,177.0,3.0,52830.0,4.0,2.0,2.0,422
922,450.0,6.0,47460.0,3.0,1.0,2.0,312
923,1354.0,1.0,22050.0,1.0,4.0,3.0,143
924,648.0,4.0,57490.0,2.0,2.0,1.0,221
925,150.0,4.0,50370.0,4.0,2.0,2.0,422
926,823.0,2.0,27990.0,1.0,4.0,3.0,143
927,334.0,4.0,50880.0,3.0,2.0,2.0,322
928,524.0,2.0,29640.0,2.0,4.0,3.0,243
929,615.0,3.0,45470.0,2.0,2.0,2.0,222
930,328.0,2.0,28630.0,3.0,4.0,3.0,343
931,663.0,2.0,27060.0,2.0,4.0,3.0,243
932,645.0,2.0,43170.0,2.0,4.0,2.0,242
933,484.0,1.0,17520.0,3.0,4.0,4.0,344
935,528.0,6.0,96170.0,2.0,1.0,1.0,211
936,302.0,7.0,95990.0,3.0,1.0,1.0,311
937,350.0,4.0,49770.0,3.0,2.0,2.0,322
938,244.0,2.0,23490.0,4.0,4.0,3.0,443
939,191.0,3.0,58270.0,4.0,2.0,1.0,421
940,291.0,5.0,63610.0,3.0,1.0,1.0,311
941,666.0,3.0,27850.0,2.0,2.0,3.0,223
942,529.0,3.0,49940.0,2.0,2.0,2.0,222
943,267.0,3.0,38050.0,4.0,2.0,2.0,422
944,329.0,1.0,23010.0,3.0,4.0,3.0,343
945,912.0,2.0,36650.0,1.0,4.0,2.0,142
946,770.0,3.0,21520.0,2.0,2.0,3.0,223
947,1008.0,2.0,15290.0,1.0,4.0,4.0,144
948,1323.0,2.0,37440.0,1.0,4.0,2.0,142
949,998.0,4.0,77610.0,1.0,2.0,1.0,121
950,167.0,2.0,34330.0,4.0,4.0,3.0,443
952,390.0,3.0,64190.0,3.0,2.0,1.0,321
954,163.0,3.0,47080.0,4.0,2.0,2.0,422
955,740.0,2.0,49250.0,2.0,4.0,2.0,242
958,610.0,2.0,32820.0,2.0,4.0,3.0,243
959,368.0,4.0,71330.0,3.0,2.0,1.0,321
960,912.0,2.0,32750.0,1.0,4.0,3.0,143
961,647.0,2.0,31010.0,2.0,4.0,3.0,243
962,577.0,2.0,48690.0,2.0,4.0,2.0,242
963,398.0,4.0,58720.0,3.0,2.0,1.0,321
964,846.0,3.0,54580.0,1.0,2.0,2.0,122
965,347.0,2.0,23450.0,3.0,4.0,3.0,343
966,183.0,4.0,45420.0,4.0,2.0,2.0,422
967,1185.0,2.0,16450.0,1.0,4.0,4.0,144
968,425.0,2.0,36480.0,3.0,4.0,2.0,342
969,482.0,2.0,45170.0,3.0,4.0,2.0,342
970,272.0,1.0,4370.0,4.0,4.0,4.0,444
971,670.0,3.0,48400.0,2.0,2.0,2.0,222
972,1060.0,4.0,64890.0,1.0,2.0,1.0,121
973,839.0,1.0,11990.0,1.0,4.0,4.0,144
974,452.0,3.0,28200.0,3.0,2.0,3.0,323
975,665.0,2.0,38140.0,2.0,4.0,2.0,242
976,199.0,3.0,46170.0,4.0,2.0,2.0,422
977,468.0,4.0,75160.0,3.0,2.0,1.0,321
978,1278.0,1.0,15490.0,1.0,4.0,4.0,144
979,141.0,3.0,38950.0,4.0,2.0,2.0,422
980,135.0,4.0,62140.0,4.0,2.0,1.0,421
982,659.0,3.0,34630.0,2.0,2.0,3.0,223
983,254.0,4.0,66090.0,4.0,2.0,1.0,421
984,722.0,3.0,29670.0,2.0,2.0,3.0,223
985,169.0,3.0,61320.0,4.0,2.0,1.0,421
986,183.0,3.0,56730.0,4.0,2.0,1.0,421
987,568.0,4.0,77830.0,2.0,2.0,1.0,221
988,382.0,4.0,79030.0,3.0,2.0,1.0,321
989,789.0,4.0,64570.0,2.0,2.0,1.0,221
990,442.0,5.0,72180.0,3.0,1.0,1.0,311
991,1014.0,1.0,1040.0,1.0,4.0,4.0,144
992,318.0,3.0,30120.0,3.0,2.0,3.0,323
993,864.0,2.0,43120.0,1.0,4.0,2.0,142
994,242.0,3.0,47890.0,4.0,2.0,2.0,422
995,398.0,2.0,42620.0,3.0,4.0,2.0,342
996,356.0,4.0,36660.0,3.0,2.0,2.0,322
997,815.0,1.0,15650.0,2.0,4.0,4.0,244
998,313.0,2.0,29700.0,3.0,4.0,3.0,343
999,1456.0,1.0,20560.0,1.0,4.0,4.0,144
1000,202.0,2.0,17240.0,4.0,4.0,4.0,444
1001,315.0,2.0,22600.0,3.0,4.0,3.0,343
1002,238.0,3.0,31720.0,4.0,2.0,3.0,423
1003,422.0,3.0,64980.0,3.0,2.0,1.0,321
1004,197.0,4.0,53850.0,4.0,2.0,2.0,422
1005,243.0,4.0,40060.0,4.0,2.0,2.0,422
1006,339.0,4.0,37180.0,3.0,2.0,2.0,322
1007,642.0,4.0,65350.0,2.0,2.0,1.0,221
1008,194.0,2.0,12500.0,4.0,4.0,4.0,444
1009,843.0,3.0,24940.0,1.0,2.0,3.0,123
1010,556.0,3.0,40540.0,2.0,2.0,2.0,222
1011,620.0,4.0,58180.0,2.0,2.0,1.0,221
1012,266.0,2.0,34560.0,4.0,4.0,3.0,443
1013,1127.0,1.0,7730.0,1.0,4.0,4.0,144
1014,1506.0,1.0,27630.0,1.0,4.0,3.0,143
1015,729.0,1.0,10250.0,2.0,4.0,4.0,244
1016,421.0,2.0,27010.0,3.0,4.0,3.0,343
1017,148.0,3.0,25550.0,4.0,2.0,3.0,423
1018,137.0,5.0,69510.0,4.0,1.0,1.0,411
1019,194.0,4.0,66260.0,4.0,2.0,1.0,421
1020,266.0,2.0,33200.0,4.0,4.0,3.0,443
1021,449.0,5.0,102600.0,3.0,1.0,1.0,311
1023,148.0,3.0,46690.0,4.0,2.0,2.0,422
1024,167.0,6.0,109350.0,4.0,1.0,1.0,411
1025,1070.0,1.0,17420.0,1.0,4.0,4.0,144
1026,290.0,3.0,37820.0,3.0,2.0,2.0,322
1027,399.0,4.0,47560.0,3.0,2.0,2.0,322
1028,465.0,6.0,75040.0,3.0,1.0,1.0,311
1030,137.0,5.0,48450.0,4.0,1.0,2.0,412
1031,259.0,5.0,105620.0,4.0,1.0,1.0,411
1032,986.0,1.0,17400.0,1.0,4.0,4.0,144
1033,558.0,2.0,50050.0,2.0,4.0,2.0,242
1034,304.0,3.0,31990.0,3.0,2.0,3.0,323
1035,387.0,3.0,53180.0,3.0,2.0,2.0,322
1036,190.0,4.0,34520.0,4.0,2.0,3.0,423
1037,991.0,1.0,29990.0,1.0,4.0,3.0,143
1038,964.0,2.0,53020.0,1.0,4.0,2.0,142
1039,555.0,2.0,52300.0,2.0,4.0,2.0,242
1040,377.0,2.0,22260.0,3.0,4.0,3.0,343
1041,751.0,1.0,5610.0,2.0,4.0,4.0,244
1042,614.0,3.0,39700.0,2.0,2.0,2.0,222
1043,705.0,3.0,42200.0,2.0,2.0,2.0,222
1044,585.0,2.0,54950.0,2.0,4.0,2.0,242
1046,167.0,4.0,61010.0,4.0,2.0,1.0,421
1047,287.0,2.0,27270.0,3.0,4.0,3.0,343
1048,962.0,4.0,59140.0,1.0,2.0,1.0,121
1049,521.0,2.0,42890.0,2.0,4.0,2.0,242
1050,636.0,3.0,23790.0,2.0,2.0,3.0,223
1051,896.0,1.0,8640.0,1.0,4.0,4.0,144
1052,679.0,3.0,45360.0,2.0,2.0,2.0,222
1053,900.0,1.0,29640.0,1.0,4.0,3.0,143
1054,521.0,3.0,38380.0,2.0,2.0,2.0,222
1055,158.0,3.0,41130.0,4.0,2.0,2.0,422
1056,580.0,3.0,66530.0,2.0,2.0,1.0,221
1057,1052.0,1.0,19350.0,1.0,4.0,4.0,144
1058,402.0,3.0,43040.0,3.0,2.0,2.0,322
1059,472.0,3.0,72280.0,3.0,2.0,1.0,321
1060,399.0,1.0,3900.0,3.0,4.0,4.0,344
1062,1482.0,1.0,24350.0,1.0,4.0,3.0,143
1063,854.0,1.0,11510.0,1.0,4.0,4.0,144
1064,569.0,2.0,29130.0,2.0,4.0,3.0,243
1065,1339.0,1.0,24990.0,1.0,4.0,3.0,143
1066,1144.0,2.0,56420.0,1.0,4.0,1.0,141
1067,968.0,3.0,44700.0,1.0,2.0,2.0,122
1068,463.0,4.0,49500.0,3.0,2.0,2.0,322
1069,229.0,1.0,1610.0,4.0,4.0,4.0,444
1070,570.0,1.0,24130.0,2.0,4.0,3.0,243
1071,577.0,4.0,81180.0,2.0,2.0,1.0,221
1072,353.0,2.0,15510.0,3.0,4.0,4.0,344
1073,419.0,4.0,30010.0,3.0,2.0,3.0,323
1074,1096.0,1.0,5020.0,1.0,4.0,4.0,144
1075,393.0,2.0,44090.0,3.0,4.0,2.0,342
1076,276.0,2.0,44340.0,4.0,4.0,2.0,442
1077,147.0,3.0,69520.0,4.0,2.0,1.0,421
1078,756.0,4.0,62800.0,2.0,2.0,1.0,221
1079,1347.0,1.0,9370.0,1.0,4.0,4.0,144
1080,1080.0,1.0,11880.0,1.0,4.0,4.0,144
1081,161.0,3.0,48340.0,4.0,2.0,2.0,422
1082,532.0,2.0,9150.0,2.0,4.0,4.0,244
1083,1210.0,1.0,29670.0,1.0,4.0,3.0,143
1084,206.0,1.0,2640.0,4.0,4.0,4.0,444
1085,657.0,4.0,57330.0,2.0,2.0,1.0,221
1086,267.0,2.0,43420.0,4.0,4.0,2.0,442
1087,249.0,2.0,37400.0,4.0,4.0,2.0,442
1088,212.0,3.0,47000.0,4.0,2.0,2.0,422
1089,279.0,2.0,17120.0,4.0,4.0,4.0,444
1090,319.0,5.0,62640.0,3.0,1.0,1.0,311
1091,1144.0,2.0,55990.0,1.0,4.0,1.0,141
1092,146.0,6.0,89810.0,4.0,1.0,1.0,411
1093,1086.0,1.0,28700.0,1.0,4.0,3.0,143
1094,546.0,2.0,22800.0,2.0,4.0,3.0,243
1096,298.0,1.0,20890.0,3.0,4.0,4.0,344
1097,638.0,3.0,64050.0,2.0,2.0,1.0,221
1098,633.0,2.0,37810.0,2.0,4.0,2.0,242
1100,1009.0,1.0,8010.0,1.0,4.0,4.0,144
1101,160.0,5.0,45020.0,4.0,1.0,2.0,412
1102,995.0,2.0,31410.0,1.0,4.0,3.0,143
1103,233.0,8.0,106960.0,4.0,1.0,1.0,411
1104,978.0,1.0,14110.0,1.0,4.0,4.0,144
1105,1348.0,1.0,8080.0,1.0,4.0,4.0,144
1106,200.0,5.0,49970.0,4.0,1.0,2.0,412
1107,985.0,1.0,10960.0,1.0,4.0,4.0,144
1108,327.0,5.0,85160.0,3.0,1.0,1.0,311
1109,984.0,2.0,30310.0,1.0,4.0,3.0,143
1111,784.0,2.0,29310.0,2.0,4.0,3.0,243
1112,440.0,3.0,43450.0,3.0,2.0,2.0,322
1113,380.0,2.0,25550.0,3.0,4.0,3.0,343
1114,542.0,3.0,74100.0,2.0,2.0,1.0,221
1115,940.0,3.0,59890.0,1.0,2.0,1.0,121
1117,663.0,3.0,42710.0,2.0,2.0,2.0,222
1118,300.0,2.0,29780.0,3.0,4.0,3.0,343
1119,727.0,2.0,56290.0,2.0,4.0,1.0,241
1120,167.0,2.0,25470.0,4.0,4.0,3.0,443
1121,1456.0,1.0,10300.0,1.0,4.0,4.0,144
1122,1059.0,4.0,64550.0,1.0,2.0,1.0,121
1123,562.0,2.0,7670.0,2.0,4.0,4.0,244
1124,166.0,2.0,29930.0,4.0,4.0,3.0,443
1126,480.0,5.0,68110.0,3.0,1.0,1.0,311
1127,514.0,4.0,67680.0,2.0,2.0,1.0,221
1128,475.0,3.0,35520.0,3.0,2.0,3.0,323
1129,276.0,2.0,29720.0,4.0,4.0,3.0,443
1130,677.0,2.0,50780.0,2.0,4.0,2.0,242
1131,645.0,2.0,27350.0,2.0,4.0,3.0,243
1132,274.0,4.0,87980.0,4.0,2.0,1.0,421
1133,472.0,2.0,40050.0,3.0,4.0,2.0,342
1134,401.0,1.0,20760.0,3.0,4.0,4.0,344
1135,180.0,2.0,29220.0,4.0,4.0,3.0,443
1136,1411.0,1.0,10140.0,1.0,4.0,4.0,144
1137,951.0,2.0,22570.0,1.0,4.0,3.0,143
1138,174.0,2.0,24620.0,4.0,4.0,3.0,443
1139,212.0,1.0,23600.0,4.0,4.0,3.0,443
1140,654.0,2.0,37430.0,2.0,4.0,2.0,242
1141,510.0,3.0,54250.0,2.0,2.0,2.0,222
1142,617.0,3.0,59200.0,2.0,2.0,1.0,221
1143,404.0,5.0,96710.0,3.0,1.0,1.0,311
1144,552.0,2.0,35130.0,2.0,4.0,3.0,243
1145,1269.0,2.0,36910.0,1.0,4.0,2.0,142
1146,1344.0,2.0,36320.0,1.0,4.0,2.0,142
1147,633.0,4.0,46360.0,2.0,2.0,2.0,222
1148,249.0,3.0,48430.0,4.0,2.0,2.0,422
1149,187.0,3.0,40260.0,4.0,2.0,2.0,422
1150,762.0,4.0,67350.0,2.0,2.0,1.0,221
1152,426.0,2.0,56440.0,3.0,4.0,1.0,341
1153,548.0,2.0,27360.0,2.0,4.0,3.0,243
1154,336.0,4.0,65470.0,3.0,2.0,1.0,321
1156,573.0,2.0,25920.0,2.0,4.0,3.0,243
1157,281.0,2.0,19690.0,3.0,4.0,4.0,344
1158,195.0,4.0,62190.0,4.0,2.0,1.0,421
1159,896.0,2.0,14440.0,1.0,4.0,4.0,144
1160,249.0,2.0,45210.0,4.0,4.0,2.0,442
1161,210.0,2.0,30420.0,4.0,4.0,3.0,443
1162,907.0,3.0,56610.0,1.0,2.0,1.0,121
1163,400.0,4.0,39650.0,3.0,2.0,2.0,322
1164,705.0,1.0,2430.0,2.0,4.0,4.0,244
1165,527.0,3.0,36370.0,2.0,2.0,2.0,222
1166,176.0,3.0,35330.0,4.0,2.0,3.0,423
1168,144.0,4.0,80910.0,4.0,2.0,1.0,421
1169,1324.0,2.0,40220.0,1.0,4.0,2.0,142
1170,868.0,2.0,33760.0,1.0,4.0,3.0,143
1172,218.0,3.0,35870.0,4.0,2.0,3.0,423
1174,856.0,3.0,47950.0,1.0,2.0,2.0,122
1175,259.0,1.0,430.0,4.0,4.0,4.0,444
1176,172.0,3.0,52650.0,4.0,2.0,2.0,422
1177,567.0,2.0,16310.0,2.0,4.0,4.0,244
1179,610.0,2.0,18410.0,2.0,4.0,4.0,244
1180,166.0,4.0,48250.0,4.0,2.0,2.0,422
1181,979.0,5.0,72930.0,1.0,1.0,1.0,111
1182,1043.0,3.0,66460.0,1.0,2.0,1.0,121
1183,651.0,1.0,20080.0,2.0,4.0,4.0,244
1184,470.0,1.0,27040.0,3.0,4.0,3.0,343
1186,650.0,4.0,82970.0,2.0,2.0,1.0,221
1187,145.0,1.0,2000.0,4.0,4.0,4.0,444
1188,1094.0,1.0,5250.0,1.0,4.0,4.0,144
1189,1320.0,1.0,9540.0,1.0,4.0,4.0,144
1190,570.0,1.0,21420.0,2.0,4.0,3.0,243
1191,197.0,5.0,74460.0,4.0,1.0,1.0,411
1192,441.0,1.0,23310.0,3.0,4.0,3.0,343
1193,1021.0,2.0,45930.0,1.0,4.0,2.0,142
1194,191.0,2.0,44730.0,4.0,4.0,2.0,442
1195,254.0,2.0,15830.0,4.0,4.0,4.0,444
1196,1192.0,2.0,25880.0,1.0,4.0,3.0,143
1197,375.0,6.0,80640.0,3.0,1.0,1.0,311
1198,996.0,1.0,15160.0,1.0,4.0,4.0,144
1199,506.0,1.0,25520.0,2.0,4.0,3.0,243
1200,1361.0,1.0,12580.0,1.0,4.0,4.0,144
1201,170.0,5.0,78910.0,4.0,1.0,1.0,411
1202,273.0,3.0,57910.0,4.0,2.0,1.0,421
1203,176.0,3.0,41100.0,4.0,2.0,2.0,422
1204,1282.0,1.0,18410.0,1.0,4.0,4.0,144
1205,202.0,3.0,25440.0,4.0,2.0,3.0,423
1206,830.0,1.0,13350.0,1.0,4.0,4.0,144
1207,191.0,5.0,54440.0,4.0,1.0,2.0,412
1208,195.0,2.0,10260.0,4.0,4.0,4.0,444
1209,164.0,1.0,2970.0,4.0,4.0,4.0,444
1211,427.0,1.0,4570.0,3.0,4.0,4.0,344
1212,138.0,4.0,54440.0,4.0,2.0,2.0,422
1213,391.0,9.0,132910.0,3.0,1.0,1.0,311
1214,1586.0,1.0,9480.0,1.0,4.0,4.0,144
1215,277.0,2.0,34620.0,4.0,4.0,3.0,443
1216,613.0,2.0,26710.0,2.0,4.0,3.0,243
1217,698.0,1.0,13340.0,2.0,4.0,4.0,244
1218,278.0,4.0,44060.0,4.0,2.0,2.0,422
1219,755.0,2.0,39350.0,2.0,4.0,2.0,242
1220,840.0,2.0,33720.0,1.0,4.0,3.0,143
1221,1044.0,1.0,21110.0,1.0,4.0,4.0,144
1222,899.0,5.0,93110.0,1.0,1.0,1.0,111
1223,708.0,2.0,41060.0,2.0,4.0,2.0,242
1224,344.0,2.0,37360.0,3.0,4.0,2.0,342
1225,770.0,4.0,63640.0,2.0,2.0,1.0,221
1226,485.0,1.0,23910.0,2.0,4.0,3.0,243
1227,441.0,2.0,32290.0,3.0,4.0,3.0,343
1229,165.0,5.0,83420.0,4.0,1.0,1.0,411
1230,1553.0,1.0,21340.0,1.0,4.0,3.0,143
1231,860.0,3.0,45170.0,1.0,2.0,2.0,122
1232,346.0,1.0,550.0,3.0,4.0,4.0,344
1233,739.0,1.0,8700.0,2.0,4.0,4.0,244
1234,156.0,5.0,81600.0,4.0,1.0,1.0,411
1235,234.0,4.0,93740.0,4.0,2.0,1.0,421
1237,286.0,4.0,75150.0,3.0,2.0,1.0,321
1238,424.0,3.0,40140.0,3.0,2.0,2.0,322
1239,232.0,3.0,52880.0,4.0,2.0,2.0,422
1240,1322.0,1.0,10870.0,1.0,4.0,4.0,144
1241,739.0,1.0,10580.0,2.0,4.0,4.0,244
1242,148.0,2.0,13570.0,4.0,4.0,4.0,444
1243,415.0,1.0,20130.0,3.0,4.0,4.0,344
1244,175.0,2.0,51430.0,4.0,4.0,2.0,442
1245,573.0,1.0,18410.0,2.0,4.0,4.0,244
1246,827.0,1.0,14460.0,1.0,4.0,4.0,144
1247,878.0,2.0,29420.0,1.0,4.0,3.0,143
1248,924.0,2.0,34380.0,1.0,4.0,3.0,143
1249,515.0,3.0,59230.0,2.0,2.0,1.0,221
1250,692.0,5.0,77090.0,2.0,1.0,1.0,211
1251,682.0,4.0,42700.0,2.0,2.0,2.0,222
1252,358.0,1.0,4410.0,3.0,4.0,4.0,344
1253,175.0,2.0,9950.0,4.0,4.0,4.0,444
1254,381.0,2.0,14750.0,3.0,4.0,4.0,344
1255,951.0,3.0,60380.0,1.0,2.0,1.0,121
1256,308.0,6.0,75620.0,3.0,1.0,1.0,311
1257,1122.0,2.0,39520.0,1.0,4.0,2.0,142
1258,191.0,6.0,85500.0,4.0,1.0,1.0,411
1259,395.0,4.0,68820.0,3.0,2.0,1.0,321
1260,234.0,2.0,20400.0,4.0,4.0,4.0,444
1261,1198.0,4.0,53020.0,1.0,2.0,2.0,122
1262,223.0,2.0,25460.0,4.0,4.0,3.0,443
1263,392.0,1.0,11010.0,3.0,4.0,4.0,344
1264,479.0,4.0,34300.0,3.0,2.0,3.0,323
1265,899.0,3.0,50380.0,1.0,2.0,2.0,122
1267,167.0,1.0,790.0,4.0,4.0,4.0,444
1268,616.0,3.0,40120.0,2.0,2.0,2.0,222
1269,1021.0,3.0,23720.0,1.0,2.0,3.0,123
1270,979.0,2.0,16480.0,1.0,4.0,4.0,144
1271,603.0,2.0,8070.0,2.0,4.0,4.0,244
1272,465.0,4.0,66340.0,3.0,2.0,1.0,321
1273,206.0,3.0,52850.0,4.0,2.0,2.0,422
1274,297.0,1.0,18160.0,3.0,4.0,4.0,344
1275,1159.0,4.0,66770.0,1.0,2.0,1.0,121
1276,328.0,3.0,48870.0,3.0,2.0,2.0,322
1277,640.0,1.0,6130.0,2.0,4.0,4.0,244
1278,802.0,2.0,25740.0,2.0,4.0,3.0,243
1279,737.0,3.0,71700.0,2.0,2.0,1.0,221
1280,265.0,3.0,43320.0,4.0,2.0,2.0,422
1281,225.0,4.0,36060.0,4.0,2.0,3.0,423
1282,197.0,3.0,28580.0,4.0,2.0,3.0,423
1283,496.0,2.0,24420.0,2.0,4.0,3.0,243
1284,1185.0,1.0,21210.0,1.0,4.0,3.0,143
1286,148.0,1.0,23160.0,4.0,4.0,3.0,443
1287,371.0,2.0,29490.0,3.0,4.0,3.0,343
1288,338.0,3.0,25800.0,3.0,2.0,3.0,323
1289,451.0,1.0,3860.0,3.0,4.0,4.0,344
1290,665.0,3.0,54440.0,2.0,2.0,2.0,222
1291,571.0,1.0,16310.0,2.0,4.0,4.0,244
1292,551.0,2.0,35890.0,2.0,4.0,3.0,243
1293,474.0,2.0,53010.0,3.0,4.0,2.0,342
1294,504.0,5.0,68900.0,2.0,1.0,1.0,211
1295,463.0,2.0,39080.0,3.0,4.0,2.0,342
1296,1026.0,3.0,39110.0,1.0,2.0,2.0,122
1297,424.0,4.0,48250.0,3.0,2.0,2.0,322
1299,1470.0,1.0,28010.0,1.0,4.0,3.0,143
1300,172.0,6.0,76830.0,4.0,1.0,1.0,411
1301,365.0,3.0,30300.0,3.0,2.0,3.0,323
1302,236.0,2.0,48110.0,4.0,4.0,2.0,442
1304,263.0,3.0,44740.0,4.0,2.0,2.0,422
1305,644.0,5.0,76830.0,2.0,1.0,1.0,211
1306,792.0,1.0,25570.0,2.0,4.0,3.0,243
1307,196.0,2.0,21660.0,4.0,4.0,3.0,443
1308,408.0,2.0,17600.0,3.0,4.0,4.0,344
1309,282.0,2.0,23480.0,3.0,4.0,3.0,343
1310,1588.0,1.0,28460.0,1.0,4.0,3.0,143
1311,574.0,4.0,39520.0,2.0,2.0,2.0,222
1312,500.0,2.0,32280.0,2.0,4.0,3.0,243
1313,196.0,1.0,9490.0,4.0,4.0,4.0,444
1315,211.0,5.0,57470.0,4.0,1.0,1.0,411
1316,191.0,6.0,107800.0,4.0,1.0,1.0,411
1317,1238.0,2.0,11820.0,1.0,4.0,4.0,144
1318,207.0,4.0,76150.0,4.0,2.0,1.0,421
1319,471.0,2.0,50470.0,3.0,4.0,2.0,342
1320,1498.0,1.0,13980.0,1.0,4.0,4.0,144
1321,222.0,4.0,41660.0,4.0,2.0,2.0,422
1322,293.0,5.0,91300.0,3.0,1.0,1.0,311
1323,293.0,3.0,40840.0,3.0,2.0,2.0,322
1324,290.0,2.0,30640.0,3.0,4.0,3.0,343
1325,1359.0,2.0,24910.0,1.0,4.0,3.0,143
1326,784.0,2.0,42440.0,2.0,4.0,2.0,242
1327,801.0,1.0,21540.0,2.0,4.0,3.0,243
1328,825.0,1.0,27680.0,1.0,4.0,3.0,143
1329,279.0,6.0,61750.0,4.0,1.0,1.0,411
1330,446.0,2.0,34650.0,3.0,4.0,3.0,343
1331,185.0,2.0,19160.0,4.0,4.0,4.0,444
1332,449.0,3.0,59910.0,3.0,2.0,1.0,321
1333,562.0,2.0,34800.0,2.0,4.0,3.0,243
1334,767.0,2.0,19540.0,2.0,4.0,4.0,244
1335,296.0,4.0,94720.0,3.0,2.0,1.0,321
1336,278.0,2.0,30600.0,4.0,4.0,3.0,443
1337,200.0,4.0,80880.0,4.0,2.0,1.0,421
1338,826.0,1.0,18500.0,1.0,4.0,4.0,144
1339,1134.0,1.0,13860.0,1.0,4.0,4.0,144
1340,452.0,3.0,44570.0,3.0,2.0,2.0,322
1342,288.0,3.0,64410.0,3.0,2.0,1.0,321
1343,1102.0,2.0,21020.0,1.0,4.0,4.0,144
1344,241.0,5.0,109230.0,4.0,1.0,1.0,411
1345,389.0,3.0,55190.0,3.0,2.0,2.0,322
1346,257.0,5.0,74860.0,4.0,1.0,1.0,411
1347,369.0,2.0,22160.0,3.0,4.0,3.0,343
1348,339.0,2.0,39610.0,3.0,4.0,2.0,342
1349,683.0,3.0,32510.0,2.0,2.0,3.0,223
1351,990.0,2.0,20830.0,1.0,4.0,4.0,144
1352,730.0,2.0,6610.0,2.0,4.0,4.0,244
1353,153.0,3.0,36570.0,4.0,2.0,2.0,422
1354,269.0,2.0,27650.0,4.0,4.0,3.0,443
1355,550.0,5.0,84610.0,2.0,1.0,1.0,211
1356,210.0,1.0,20500.0,4.0,4.0,4.0,444
1357,454.0,4.0,87940.0,3.0,2.0,1.0,321
1358,1131.0,1.0,210.0,1.0,4.0,4.0,144
1359,276.0,2.0,50000.0,4.0,4.0,2.0,442
1360,1229.0,1.0,17000.0,1.0,4.0,4.0,144
1361,759.0,1.0,18110.0,2.0,4.0,4.0,244
1362,1025.0,2.0,34430.0,1.0,4.0,3.0,143
1363,690.0,1.0,16260.0,2.0,4.0,4.0,244
1364,1454.0,1.0,17790.0,1.0,4.0,4.0,144
1365,977.0,2.0,24720.0,1.0,4.0,3.0,143
1366,1186.0,3.0,28960.0,1.0,2.0,3.0,123
1367,1410.0,1.0,27490.0,1.0,4.0,3.0,143
1369,1157.0,1.0,22740.0,1.0,4.0,3.0,143
1370,891.0,3.0,52060.0,1.0,2.0,2.0,122
1372,188.0,3.0,59710.0,4.0,2.0,1.0,421
1373,418.0,5.0,84960.0,3.0,1.0,1.0,311
1374,302.0,1.0,2690.0,3.0,4.0,4.0,344
1375,517.0,2.0,11010.0,2.0,4.0,4.0,244
1376,364.0,4.0,82660.0,3.0,2.0,1.0,321
1377,1283.0,1.0,13500.0,1.0,4.0,4.0,144
1378,318.0,5.0,58500.0,3.0,1.0,1.0,311
1380,428.0,2.0,30000.0,3.0,4.0,3.0,343
1381,393.0,5.0,53920.0,3.0,1.0,2.0,312
1382,146.0,4.0,58810.0,4.0,2.0,1.0,421
1384,325.0,1.0,16120.0,3.0,4.0,4.0,344
1385,252.0,6.0,49010.0,4.0,1.0,2.0,412
1386,305.0,3.0,39120.0,3.0,2.0,2.0,322
1387,168.0,5.0,67580.0,4.0,1.0,1.0,411
1388,791.0,2.0,35500.0,2.0,4.0,3.0,243
1389,403.0,3.0,65820.0,3.0,2.0,1.0,321
1390,308.0,2.0,42690.0,3.0,4.0,2.0,342
1391,461.0,1.0,17950.0,3.0,4.0,4.0,344
1392,738.0,2.0,6200.0,2.0,4.0,4.0,244
1394,359.0,2.0,19060.0,3.0,4.0,4.0,344
1395,1092.0,2.0,45310.0,1.0,4.0,2.0,142
1396,836.0,2.0,32470.0,1.0,4.0,3.0,143
1397,627.0,2.0,31880.0,2.0,4.0,3.0,243
1399,341.0,2.0,17680.0,3.0,4.0,4.0,344
1400,528.0,3.0,38760.0,2.0,2.0,2.0,222
1401,1540.0,1.0,6220.0,1.0,4.0,4.0,144
1402,408.0,4.0,61610.0,3.0,2.0,1.0,321
1403,201.0,4.0,57000.0,4.0,2.0,1.0,421
1404,338.0,1.0,5670.0,3.0,4.0,4.0,344
1406,146.0,4.0,18890.0,4.0,2.0,4.0,424
1407,237.0,1.0,18260.0,4.0,4.0,4.0,444
1408,906.0,1.0,8780.0,1.0,4.0,4.0,144
1409,142.0,1.0,4030.0,4.0,4.0,4.0,444
1410,813.0,2.0,52050.0,2.0,4.0,2.0,242
1411,316.0,2.0,49690.0,3.0,4.0,2.0,342
1412,471.0,5.0,96830.0,3.0,1.0,1.0,311
1413,1252.0,2.0,31210.0,1.0,4.0,3.0,143
1414,231.0,2.0,32250.0,4.0,4.0,3.0,443
1415,1386.0,1.0,24810.0,1.0,4.0,3.0,143
1417,521.0,5.0,102350.0,2.0,1.0,1.0,211
1418,254.0,1.0,26340.0,4.0,4.0,3.0,443
1419,594.0,3.0,53390.0,2.0,2.0,2.0,222
1420,1061.0,2.0,44920.0,1.0,4.0,2.0,142
1421,289.0,6.0,90120.0,3.0,1.0,1.0,311
1422,1037.0,3.0,41750.0,1.0,2.0,2.0,122
1423,260.0,7.0,115640.0,4.0,1.0,1.0,411
1424,352.0,3.0,41310.0,3.0,2.0,2.0,322
1425,1128.0,1.0,23410.0,1.0,4.0,3.0,143
1426,376.0,1.0,14480.0,3.0,4.0,4.0,344
1427,1134.0,2.0,24270.0,1.0,4.0,3.0,143
1428,907.0,4.0,58390.0,1.0,2.0,1.0,121
1429,1245.0,3.0,42460.0,1.0,2.0,2.0,122
1430,464.0,2.0,47750.0,3.0,4.0,2.0,342
1432,804.0,5.0,93360.0,2.0,1.0,1.0,211
1433,414.0,3.0,46560.0,3.0,2.0,2.0,322
1434,868.0,3.0,34140.0,1.0,2.0,3.0,123
1436,652.0,1.0,18270.0,2.0,4.0,4.0,244
1437,452.0,3.0,38260.0,3.0,2.0,2.0,322
1438,365.0,4.0,65420.0,3.0,2.0,1.0,321
1439,878.0,3.0,31250.0,1.0,2.0,3.0,123
1440,184.0,4.0,71570.0,4.0,2.0,1.0,421
1441,354.0,5.0,57590.0,3.0,1.0,1.0,311
1443,827.0,2.0,23270.0,1.0,4.0,3.0,143
1444,418.0,3.0,62330.0,3.0,2.0,1.0,321
1445,884.0,1.0,10020.0,1.0,4.0,4.0,144
1446,832.0,1.0,16890.0,1.0,4.0,4.0,144
1447,1372.0,2.0,21130.0,1.0,4.0,4.0,144
1449,188.0,2.0,33760.0,4.0,4.0,3.0,443
1450,1229.0,6.0,70420.0,1.0,1.0,1.0,111
1451,196.0,3.0,58150.0,4.0,2.0,1.0,421
1452,449.0,2.0,44420.0,3.0,4.0,2.0,342
1453,367.0,3.0,26010.0,3.0,2.0,3.0,323
1454,1274.0,3.0,56540.0,1.0,2.0,1.0,121
1455,198.0,6.0,79950.0,4.0,1.0,1.0,411
1456,337.0,1.0,110.0,3.0,4.0,4.0,344
1457,186.0,5.0,65160.0,4.0,1.0,1.0,411
1458,1170.0,2.0,31300.0,1.0,4.0,3.0,143
1459,166.0,1.0,7970.0,4.0,4.0,4.0,444
1460,934.0,1.0,18770.0,1.0,4.0,4.0,144
1461,286.0,1.0,26480.0,3.0,4.0,3.0,343
1462,467.0,3.0,63960.0,3.0,2.0,1.0,321
1463,520.0,1.0,8890.0,2.0,4.0,4.0,244
1464,1177.0,1.0,7120.0,1.0,4.0,4.0,144
1465,337.0,2.0,24840.0,3.0,4.0,3.0,343
1466,261.0,3.0,34860.0,4.0,2.0,3.0,423
1467,1026.0,1.0,8220.0,1.0,4.0,4.0,144
1468,400.0,2.0,35580.0,3.0,4.0,3.0,343
1469,785.0,2.0,14530.0,2.0,4.0,4.0,244
1471,228.0,4.0,93680.0,4.0,2.0,1.0,421
1472,409.0,3.0,28830.0,3.0,2.0,3.0,323
1474,165.0,4.0,58640.0,4.0,2.0,1.0,421
1475,480.0,4.0,59050.0,3.0,2.0,1.0,321
1476,791.0,1.0,11180.0,2.0,4.0,4.0,244
1477,183.0,2.0,26030.0,4.0,4.0,3.0,443
1478,265.0,2.0,8330.0,4.0,4.0,4.0,444
1479,895.0,3.0,56610.0,1.0,2.0,1.0,121
1480,242.0,3.0,12450.0,4.0,2.0,4.0,424
1481,529.0,3.0,75300.0,2.0,2.0,1.0,221
1482,557.0,2.0,32940.0,2.0,4.0,3.0,243
1483,1283.0,2.0,26830.0,1.0,4.0,3.0,143
1484,420.0,1.0,19150.0,3.0,4.0,4.0,344
1485,245.0,2.0,55960.0,4.0,4.0,1.0,441
1486,212.0,3.0,10580.0,4.0,2.0,4.0,424
1487,296.0,4.0,60750.0,3.0,2.0,1.0,321
1488,887.0,2.0,52790.0,1.0,4.0,2.0,142
1489,193.0,2.0,40780.0,4.0,4.0,2.0,442
1490,643.0,4.0,64600.0,2.0,2.0,1.0,221
1491,761.0,3.0,58830.0,2.0,2.0,1.0,221
1492,530.0,3.0,65320.0,2.0,2.0,1.0,221
1493,1021.0,3.0,69560.0,1.0,2.0,1.0,121
1495,1128.0,2.0,14920.0,1.0,4.0,4.0,144
1496,159.0,4.0,88920.0,4.0,2.0,1.0,421
1497,753.0,4.0,47830.0,2.0,2.0,2.0,222
1498,307.0,5.0,93720.0,3.0,1.0,1.0,311
1499,467.0,2.0,1850.0,3.0,4.0,4.0,344
1500,977.0,1.0,6800.0,1.0,4.0,4.0,144
1501,438.0,2.0,28970.0,3.0,4.0,3.0,343
1502,216.0,7.0,90850.0,4.0,1.0,1.0,411
1503,737.0,2.0,5420.0,2.0,4.0,4.0,244
1504,229.0,4.0,80320.0,4.0,2.0,1.0,421
1505,167.0,2.0,22750.0,4.0,4.0,3.0,443
1506,184.0,4.0,33160.0,4.0,2.0,3.0,423
1507,508.0,2.0,18640.0,2.0,4.0,4.0,244
1508,232.0,6.0,75400.0,4.0,1.0,1.0,411
1509,226.0,3.0,51500.0,4.0,2.0,2.0,422
1510,1304.0,2.0,5250.0,1.0,4.0,4.0,144
1511,682.0,3.0,37320.0,2.0,2.0,2.0,222
1512,365.0,4.0,64050.0,3.0,2.0,1.0,321
1513,220.0,5.0,100020.0,4.0,1.0,1.0,411
1514,1377.0,2.0,27390.0,1.0,4.0,3.0,143
1515,568.0,4.0,106590.0,2.0,2.0,1.0,221
1516,735.0,2.0,17190.0,2.0,4.0,4.0,244
1517,677.0,1.0,15290.0,2.0,4.0,4.0,244
1518,772.0,1.0,8170.0,2.0,4.0,4.0,244
1519,1281.0,1.0,10700.0,1.0,4.0,4.0,144
1520,245.0,2.0,41680.0,4.0,4.0,2.0,442
1521,1104.0,2.0,13490.0,1.0,4.0,4.0,144
1522,208.0,6.0,46900.0,4.0,1.0,2.0,412
1523,364.0,1.0,590.0,3.0,4.0,4.0,344
1524,465.0,1.0,21720.0,3.0,4.0,3.0,343
1525,206.0,5.0,93530.0,4.0,1.0,1.0,411
1527,503.0,1.0,19710.0,2.0,4.0,4.0,244
1528,750.0,2.0,27460.0,2.0,4.0,3.0,243
1529,727.0,5.0,62140.0,2.0,1.0,1.0,211
1530,629.0,4.0,85880.0,2.0,2.0,1.0,221
1531,466.0,2.0,14320.0,3.0,4.0,4.0,344
1532,440.0,1.0,28290.0,3.0,4.0,3.0,343
1533,784.0,1.0,17270.0,2.0,4.0,4.0,244
1534,1243.0,2.0,38860.0,1.0,4.0,2.0,142
1535,1072.0,1.0,16560.0,1.0,4.0,4.0,144
1536,286.0,3.0,51480.0,3.0,2.0,2.0,322
1538,604.0,1.0,24600.0,2.0,4.0,3.0,243
1539,293.0,3.0,64890.0,3.0,2.0,1.0,321
1540,1051.0,1.0,20410.0,1.0,4.0,4.0,144
1541,962.0,1.0,21320.0,1.0,4.0,3.0,143
1542,1069.0,1.0,26130.0,1.0,4.0,3.0,143
1543,437.0,3.0,64150.0,3.0,2.0,1.0,321
1544,305.0,5.0,37270.0,3.0,1.0,2.0,312
1545,301.0,3.0,40110.0,3.0,2.0,2.0,322
1546,544.0,1.0,9760.0,2.0,4.0,4.0,244
1547,745.0,3.0,37500.0,2.0,2.0,2.0,222
1548,941.0,2.0,19910.0,1.0,4.0,4.0,144
1549,765.0,2.0,13430.0,2.0,4.0,4.0,244
1550,664.0,2.0,25370.0,2.0,4.0,3.0,243
1551,164.0,5.0,62340.0,4.0,1.0,1.0,411
1552,165.0,4.0,74900.0,4.0,2.0,1.0,421
1553,469.0,4.0,49320.0,3.0,2.0,2.0,322
1554,753.0,3.0,43700.0,2.0,2.0,2.0,222
1555,259.0,2.0,9880.0,4.0,4.0,4.0,444
1556,1506.0,1.0,1530.0,1.0,4.0,4.0,144
1557,909.0,1.0,9390.0,1.0,4.0,4.0,144
1558,1530.0,1.0,23550.0,1.0,4.0,3.0,143
1559,405.0,3.0,42360.0,3.0,2.0,2.0,322
1560,197.0,2.0,29680.0,4.0,4.0,3.0,443
1561,614.0,3.0,34850.0,2.0,2.0,3.0,223
1564,475.0,3.0,54530.0,3.0,2.0,2.0,322
1565,1023.0,4.0,96490.0,1.0,2.0,1.0,121
1566,791.0,3.0,49850.0,2.0,2.0,2.0,222
1567,1196.0,1.0,24750.0,1.0,4.0,3.0,143
1568,1441.0,1.0,9280.0,1.0,4.0,4.0,144
1569,987.0,3.0,42260.0,1.0,2.0,2.0,122
1570,558.0,4.0,74310.0,2.0,2.0,1.0,221
1571,272.0,2.0,14990.0,4.0,4.0,4.0,444
1572,1337.0,3.0,49180.0,1.0,2.0,2.0,122
1573,549.0,3.0,57450.0,2.0,2.0,1.0,221
1574,594.0,4.0,47610.0,2.0,2.0,2.0,222
1575,467.0,4.0,37850.0,3.0,2.0,2.0,322
1576,636.0,4.0,55250.0,2.0,2.0,2.0,222
1577,155.0,4.0,76020.0,4.0,2.0,1.0,421
1578,756.0,3.0,65320.0,2.0,2.0,1.0,221
1579,749.0,4.0,79730.0,2.0,2.0,1.0,221
1581,409.0,1.0,2690.0,3.0,4.0,4.0,344
1582,719.0,4.0,67340.0,2.0,2.0,1.0,221
1583,815.0,1.0,5740.0,2.0,4.0,4.0,244
1584,268.0,3.0,55130.0,4.0,2.0,2.0,422
1585,156.0,1.0,11670.0,4.0,4.0,4.0,444
1586,166.0,4.0,42350.0,4.0,2.0,2.0,422
1587,414.0,1.0,7510.0,3.0,4.0,4.0,344
1588,431.0,3.0,64540.0,3.0,2.0,1.0,321
1589,146.0,5.0,38570.0,4.0,1.0,2.0,412
1590,162.0,6.0,117840.0,4.0,1.0,1.0,411
1591,299.0,1.0,4350.0,3.0,4.0,4.0,344
1592,865.0,1.0,21910.0,1.0,4.0,3.0,143
1594,388.0,2.0,7770.0,3.0,4.0,4.0,344
1595,750.0,3.0,37430.0,2.0,2.0,2.0,222
1596,1287.0,3.0,49220.0,1.0,2.0,2.0,122
1597,139.0,5.0,36970.0,4.0,1.0,2.0,412
1598,281.0,1.0,10840.0,3.0,4.0,4.0,344
1599,317.0,5.0,75820.0,3.0,1.0,1.0,311
1601,618.0,3.0,32690.0,2.0,2.0,3.0,223
1602,322.0,3.0,58890.0,3.0,2.0,1.0,321
1603,977.0,1.0,16460.0,1.0,4.0,4.0,144
1605,1256.0,1.0,15740.0,1.0,4.0,4.0,144
1606,1178.0,2.0,15960.0,1.0,4.0,4.0,144
1608,700.0,3.0,55340.0,2.0,2.0,2.0,222
1609,391.0,1.0,24780.0,3.0,4.0,3.0,343
1610,405.0,6.0,96170.0,3.0,1.0,1.0,311
1611,139.0,4.0,109290.0,4.0,2.0,1.0,421
1612,134.0,3.0,57220.0,4.0,2.0,1.0,421
1613,152.0,2.0,23710.0,4.0,4.0,3.0,443
1615,194.0,4.0,57550.0,4.0,2.0,1.0,421
1616,753.0,1.0,14020.0,2.0,4.0,4.0,244
1617,831.0,3.0,50600.0,1.0,2.0,2.0,122
1618,1266.0,2.0,45660.0,1.0,4.0,2.0,142
1619,1202.0,1.0,15910.0,1.0,4.0,4.0,144
1620,584.0,3.0,35890.0,2.0,2.0,3.0,223
1622,398.0,4.0,79420.0,3.0,2.0,1.0,321
1623,149.0,3.0,54090.0,4.0,2.0,2.0,422
1624,317.0,2.0,45060.0,3.0,4.0,2.0,342
1625,339.0,1.0,12350.0,3.0,4.0,4.0,344
1626,478.0,4.0,54330.0,3.0,2.0,2.0,322
1627,619.0,1.0,23910.0,2.0,4.0,3.0,243
1628,160.0,5.0,65210.0,4.0,1.0,1.0,411
1629,151.0,4.0,70040.0,4.0,2.0,1.0,421
1630,255.0,3.0,39550.0,4.0,2.0,2.0,422
1631,779.0,5.0,64490.0,2.0,1.0,1.0,211
1632,465.0,2.0,13480.0,3.0,4.0,4.0,344
1633,204.0,5.0,56320.0,4.0,1.0,1.0,411
1634,198.0,3.0,63140.0,4.0,2.0,1.0,421
1635,641.0,2.0,34920.0,2.0,4.0,3.0,243
1636,518.0,6.0,113050.0,2.0,1.0,1.0,211
1637,231.0,7.0,124800.0,4.0,1.0,1.0,411
1638,663.0,2.0,28620.0,2.0,4.0,3.0,243
1639,886.0,1.0,1150.0,1.0,4.0,4.0,144
1640,820.0,1.0,25730.0,2.0,4.0,3.0,243
1641,304.0,1.0,23240.0,3.0,4.0,3.0,343
1642,1223.0,2.0,35270.0,1.0,4.0,3.0,143
1643,1571.0,1.0,27440.0,1.0,4.0,3.0,143
1644,1398.0,2.0,39130.0,1.0,4.0,2.0,142
1645,150.0,2.0,32040.0,4.0,4.0,3.0,443
1646,207.0,6.0,74660.0,4.0,1.0,1.0,411
1648,1172.0,1.0,25230.0,1.0,4.0,3.0,143
1649,169.0,4.0,63730.0,4.0,2.0,1.0,421
1650,302.0,3.0,15070.0,3.0,2.0,4.0,324
1651,983.0,4.0,70400.0,1.0,2.0,1.0,121
1652,465.0,3.0,61040.0,3.0,2.0,1.0,321
1653,829.0,2.0,21710.0,1.0,4.0,3.0,143
1654,560.0,3.0,53820.0,2.0,2.0,2.0,222
1655,1292.0,2.0,9820.0,1.0,4.0,4.0,144
1656,214.0,3.0,42740.0,4.0,2.0,2.0,422
1657,871.0,2.0,17150.0,1.0,4.0,4.0,144
1658,468.0,2.0,21470.0,3.0,4.0,3.0,343
1659,356.0,1.0,28280.0,3.0,4.0,3.0,343
1660,1128.0,1.0,26720.0,1.0,4.0,3.0,143
1661,341.0,3.0,34000.0,3.0,2.0,3.0,323
1662,988.0,1.0,16160.0,1.0,4.0,4.0,144
1663,572.0,2.0,26390.0,2.0,4.0,3.0,243
1664,466.0,4.0,94950.0,3.0,2.0,1.0,321
1665,305.0,3.0,54110.0,3.0,2.0,2.0,322
1667,859.0,1.0,4010.0,1.0,4.0,4.0,144
1668,327.0,3.0,44840.0,3.0,2.0,2.0,322
1669,1479.0,1.0,16600.0,1.0,4.0,4.0,144
1670,421.0,8.0,110810.0,3.0,1.0,1.0,311
1671,498.0,3.0,41200.0,2.0,2.0,2.0,222
1674,142.0,3.0,56410.0,4.0,2.0,1.0,421
1675,355.0,3.0,40690.0,3.0,2.0,2.0,322
1676,1401.0,1.0,26120.0,1.0,4.0,3.0,143
1677,941.0,2.0,54000.0,1.0,4.0,2.0,142
1678,424.0,3.0,24440.0,3.0,2.0,3.0,323
1679,367.0,3.0,51850.0,3.0,2.0,2.0,322
1680,475.0,1.0,8490.0,3.0,4.0,4.0,344
1681,864.0,2.0,7050.0,1.0,4.0,4.0,144
1684,256.0,2.0,4890.0,4.0,4.0,4.0,444
1685,779.0,4.0,46430.0,2.0,2.0,2.0,222
1686,269.0,5.0,76970.0,4.0,1.0,1.0,411
1687,305.0,4.0,84060.0,3.0,2.0,1.0,321
1688,606.0,2.0,36080.0,2.0,4.0,3.0,243
1689,497.0,6.0,88050.0,2.0,1.0,1.0,211
1690,601.0,5.0,81630.0,2.0,1.0,1.0,211
1691,1074.0,2.0,55740.0,1.0,4.0,1.0,141
1692,208.0,4.0,50990.0,4.0,2.0,2.0,422
1693,674.0,2.0,26820.0,2.0,4.0,3.0,243
1694,1142.0,2.0,16180.0,1.0,4.0,4.0,144
1695,580.0,2.0,9910.0,2.0,4.0,4.0,244
1696,258.0,3.0,58410.0,4.0,2.0,1.0,421
1698,134.0,2.0,12840.0,4.0,4.0,4.0,444
1699,612.0,1.0,22150.0,2.0,4.0,3.0,243
1700,1134.0,1.0,13770.0,1.0,4.0,4.0,144
1701,826.0,2.0,46230.0,1.0,4.0,2.0,142
1702,334.0,5.0,99090.0,3.0,1.0,1.0,311
1703,1109.0,2.0,15250.0,1.0,4.0,4.0,144
1704,339.0,2.0,28980.0,3.0,4.0,3.0,343
1705,473.0,4.0,45200.0,3.0,2.0,2.0,322
1706,596.0,2.0,29790.0,2.0,4.0,3.0,243
1707,656.0,2.0,34560.0,2.0,4.0,3.0,243
1708,378.0,6.0,117670.0,3.0,1.0,1.0,311
1709,331.0,6.0,80530.0,3.0,1.0,1.0,311
1710,641.0,3.0,39650.0,2.0,2.0,2.0,222
1711,145.0,3.0,39460.0,4.0,2.0,2.0,422
1712,228.0,5.0,91380.0,4.0,1.0,1.0,411
1714,521.0,1.0,19090.0,2.0,4.0,4.0,244
1716,520.0,3.0,34170.0,2.0,2.0,3.0,223
1717,1393.0,2.0,45110.0,1.0,4.0,2.0,142
1718,802.0,2.0,16550.0,2.0,4.0,4.0,244
1719,283.0,2.0,13200.0,3.0,4.0,4.0,344
1720,505.0,1.0,7030.0,2.0,4.0,4.0,244
1721,1346.0,1.0,8910.0,1.0,4.0,4.0,144
1722,1570.0,1.0,19030.0,1.0,4.0,4.0,144
1723,846.0,3.0,20810.0,1.0,2.0,4.0,124
1724,423.0,5.0,83030.0,3.0,1.0,1.0,311
1725,355.0,6.0,82340.0,3.0,1.0,1.0,311
1726,328.0,3.0,43040.0,3.0,2.0,2.0,322
1727,1267.0,2.0,28270.0,1.0,4.0,3.0,143
1728,399.0,1.0,17930.0,3.0,4.0,4.0,344
1729,228.0,4.0,37560.0,4.0,2.0,2.0,422
1730,572.0,1.0,5090.0,2.0,4.0,4.0,244
1733,1326.0,1.0,13620.0,1.0,4.0,4.0,144
1734,873.0,3.0,48280.0,1.0,2.0,2.0,122
1737,634.0,3.0,51800.0,2.0,2.0,2.0,222
1738,1055.0,2.0,23540.0,1.0,4.0,3.0,143
1742,446.0,4.0,31300.0,3.0,2.0,3.0,323
1743,274.0,4.0,49050.0,4.0,2.0,2.0,422
1744,240.0,3.0,47090.0,4.0,2.0,2.0,422
1746,1249.0,2.0,23650.0,1.0,4.0,3.0,143
1747,212.0,4.0,88800.0,4.0,2.0,1.0,421
1748,332.0,3.0,33650.0,3.0,2.0,3.0,323
1749,634.0,4.0,45850.0,2.0,2.0,2.0,222
1750,883.0,4.0,111940.0,1.0,2.0,1.0,121
1751,359.0,5.0,66170.0,3.0,1.0,1.0,311
1752,337.0,1.0,2350.0,3.0,4.0,4.0,344
1753,141.0,1.0,13280.0,4.0,4.0,4.0,444
1754,502.0,3.0,48360.0,2.0,2.0,2.0,222
1755,1047.0,2.0,26450.0,1.0,4.0,3.0,143
1756,265.0,4.0,43210.0,4.0,2.0,2.0,422
1757,211.0,3.0,70050.0,4.0,2.0,1.0,421
1758,139.0,3.0,53370.0,4.0,2.0,2.0,422
1759,313.0,5.0,91000.0,3.0,1.0,1.0,311
1760,187.0,4.0,67680.0,4.0,2.0,1.0,421
1761,745.0,2.0,48480.0,2.0,4.0,2.0,242
1762,574.0,4.0,11030.0,2.0,2.0,4.0,224
1763,1307.0,1.0,21600.0,1.0,4.0,3.0,143
1764,180.0,4.0,35970.0,4.0,2.0,3.0,423
1765,261.0,7.0,90790.0,4.0,1.0,1.0,411
1766,236.0,5.0,82090.0,4.0,1.0,1.0,411
1767,339.0,2.0,11850.0,3.0,4.0,4.0,344
1768,1179.0,1.0,4480.0,1.0,4.0,4.0,144
1769,517.0,2.0,15930.0,2.0,4.0,4.0,244
1770,658.0,2.0,43400.0,2.0,4.0,2.0,242
1771,747.0,3.0,32850.0,2.0,2.0,3.0,223
1772,1116.0,1.0,6020.0,1.0,4.0,4.0,144
1773,339.0,4.0,87620.0,3.0,2.0,1.0,321
1774,233.0,1.0,9760.0,4.0,4.0,4.0,444
1775,331.0,2.0,19770.0,3.0,4.0,4.0,344
1776,295.0,2.0,57810.0,3.0,4.0,1.0,341
1777,750.0,2.0,34360.0,2.0,4.0,3.0,243
1778,295.0,3.0,27720.0,3.0,2.0,3.0,323
1779,642.0,4.0,48650.0,2.0,2.0,2.0,222
1780,279.0,6.0,94350.0,4.0,1.0,1.0,411
1781,143.0,3.0,44510.0,4.0,2.0,2.0,422
1782,144.0,3.0,13810.0,4.0,2.0,4.0,424
1783,680.0,6.0,43780.0,2.0,1.0,2.0,212
1784,233.0,4.0,25110.0,4.0,2.0,3.0,423
1786,693.0,1.0,18760.0,2.0,4.0,4.0,244
1787,943.0,1.0,15530.0,1.0,4.0,4.0,144
1788,578.0,6.0,89390.0,2.0,1.0,1.0,211
1789,227.0,4.0,46000.0,4.0,2.0,2.0,422
1791,417.0,5.0,111950.0,3.0,1.0,1.0,311
1792,334.0,1.0,15890.0,3.0,4.0,4.0,344
1793,141.0,1.0,13470.0,4.0,4.0,4.0,444
1795,578.0,2.0,6540.0,2.0,4.0,4.0,244
1796,639.0,2.0,26940.0,2.0,4.0,3.0,243
1797,609.0,5.0,64200.0,2.0,1.0,1.0,211
1798,235.0,1.0,6950.0,4.0,4.0,4.0,444
1799,431.0,6.0,79830.0,3.0,1.0,1.0,311
1800,160.0,4.0,56890.0,4.0,2.0,1.0,421
1801,314.0,5.0,72940.0,3.0,1.0,1.0,311
1802,969.0,1.0,18750.0,1.0,4.0,4.0,144
1803,271.0,2.0,45210.0,4.0,4.0,2.0,442
1804,945.0,2.0,32720.0,1.0,4.0,3.0,143
1805,724.0,4.0,75490.0,2.0,2.0,1.0,221
1806,274.0,3.0,48290.0,4.0,2.0,2.0,422
1807,852.0,4.0,65790.0,1.0,2.0,1.0,121
1808,269.0,5.0,93410.0,4.0,1.0,1.0,411
1809,430.0,2.0,8840.0,3.0,4.0,4.0,344
1810,794.0,4.0,52840.0,2.0,2.0,2.0,222
1811,948.0,2.0,39500.0,1.0,4.0,2.0,142
1812,860.0,2.0,46240.0,1.0,4.0,2.0,142
1813,1134.0,1.0,29890.0,1.0,4.0,3.0,143
1814,1259.0,2.0,49880.0,1.0,4.0,2.0,142
1815,817.0,3.0,29900.0,2.0,2.0,3.0,223
1816,1300.0,1.0,6630.0,1.0,4.0,4.0,144
1817,1204.0,3.0,20130.0,1.0,2.0,4.0,124
1818,249.0,4.0,63630.0,4.0,2.0,1.0,421
1819,1245.0,3.0,75260.0,1.0,2.0,1.0,121
1820,1589.0,1.0,26080.0,1.0,4.0,3.0,143
1821,480.0,2.0,42430.0,3.0,4.0,2.0,342
1822,1477.0,1.0,6330.0,1.0,4.0,4.0,144
1823,523.0,1.0,19000.0,2.0,4.0,4.0,244
1824,1371.0,1.0,3820.0,1.0,4.0,4.0,144
1825,764.0,3.0,44010.0,2.0,2.0,2.0,222
1826,1009.0,1.0,15410.0,1.0,4.0,4.0,144
1827,795.0,3.0,25850.0,2.0,2.0,3.0,223
1828,704.0,5.0,102180.0,2.0,1.0,1.0,211
1829,136.0,2.0,39410.0,4.0,4.0,2.0,442
1830,1196.0,1.0,10990.0,1.0,4.0,4.0,144
1832,900.0,2.0,28360.0,1.0,4.0,3.0,143
1833,1268.0,1.0,4400.0,1.0,4.0,4.0,144
1834,624.0,3.0,38560.0,2.0,2.0,2.0,222
1835,714.0,2.0,39260.0,2.0,4.0,2.0,242
1836,945.0,1.0,28430.0,1.0,4.0,3.0,143
1837,1312.0,1.0,1840.0,1.0,4.0,4.0,144
1838,176.0,1.0,14530.0,4.0,4.0,4.0,444
1839,773.0,3.0,46170.0,2.0,2.0,2.0,222
1840,845.0,2.0,31150.0,1.0,4.0,3.0,143
1841,1314.0,2.0,53950.0,1.0,4.0,2.0,142
1842,144.0,1.0,4700.0,4.0,4.0,4.0,444
1843,757.0,6.0,87580.0,2.0,1.0,1.0,211
1844,1110.0,3.0,66290.0,1.0,2.0,1.0,121
1845,437.0,3.0,72970.0,3.0,2.0,1.0,321
1846,149.0,4.0,68560.0,4.0,2.0,1.0,421
1847,762.0,3.0,76610.0,2.0,2.0,1.0,221
1848,181.0,4.0,41050.0,4.0,2.0,2.0,422
1850,149.0,4.0,81820.0,4.0,2.0,1.0,421
1851,185.0,3.0,56450.0,4.0,2.0,1.0,421
1852,1466.0,1.0,29820.0,1.0,4.0,3.0,143
1853,1233.0,1.0,22000.0,1.0,4.0,3.0,143
1855,360.0,2.0,37840.0,3.0,4.0,2.0,342
1856,283.0,2.0,24520.0,3.0,4.0,3.0,343
1857,515.0,2.0,8730.0,2.0,4.0,4.0,244
1858,697.0,4.0,53690.0,2.0,2.0,2.0,222
1859,548.0,4.0,48280.0,2.0,2.0,2.0,222
1860,154.0,4.0,71580.0,4.0,2.0,1.0,421
1861,1514.0,1.0,11960.0,1.0,4.0,4.0,144
1862,333.0,3.0,57920.0,3.0,2.0,1.0,321
1863,469.0,5.0,76360.0,3.0,1.0,1.0,311
1864,841.0,3.0,17570.0,1.0,2.0,4.0,124
1865,884.0,2.0,19920.0,1.0,4.0,4.0,144
1866,167.0,1.0,16060.0,4.0,4.0,4.0,444
1867,465.0,6.0,59810.0,3.0,1.0,1.0,311
1868,336.0,2.0,25180.0,3.0,4.0,3.0,343
1869,288.0,2.0,25700.0,3.0,4.0,3.0,343
1871,512.0,5.0,78240.0,2.0,1.0,1.0,211
1872,436.0,3.0,13890.0,3.0,2.0,4.0,324
1873,518.0,2.0,37750.0,2.0,4.0,2.0,242
1874,849.0,2.0,12840.0,1.0,4.0,4.0,144
1875,797.0,3.0,39820.0,2.0,2.0,2.0,222
1876,1566.0,1.0,10740.0,1.0,4.0,4.0,144
1877,307.0,1.0,14170.0,3.0,4.0,4.0,344
1878,143.0,2.0,31780.0,4.0,4.0,3.0,443
1879,399.0,5.0,46770.0,3.0,1.0,2.0,312
1880,630.0,3.0,46570.0,2.0,2.0,2.0,222
1881,1172.0,1.0,28900.0,1.0,4.0,3.0,143
1882,508.0,2.0,33200.0,2.0,4.0,3.0,243
1883,486.0,4.0,50490.0,2.0,2.0,2.0,222
1884,290.0,4.0,72280.0,3.0,2.0,1.0,321
1885,191.0,3.0,51770.0,4.0,2.0,2.0,422
1886,1319.0,1.0,7200.0,1.0,4.0,4.0,144
1887,791.0,3.0,43100.0,2.0,2.0,2.0,222
1888,675.0,4.0,53670.0,2.0,2.0,2.0,222
1889,347.0,3.0,35300.0,3.0,2.0,3.0,323
1891,797.0,3.0,57720.0,2.0,2.0,1.0,221
1892,132.0,5.0,66640.0,4.0,1.0,1.0,411
1893,525.0,1.0,5380.0,2.0,4.0,4.0,244
1894,279.0,1.0,20720.0,4.0,4.0,4.0,444
1895,724.0,3.0,56650.0,2.0,2.0,1.0,221
1897,280.0,7.0,108840.0,4.0,1.0,1.0,411
1898,469.0,3.0,67380.0,3.0,2.0,1.0,321
1899,681.0,2.0,56580.0,2.0,4.0,1.0,241
1900,1403.0,1.0,23460.0,1.0,4.0,3.0,143
1901,735.0,2.0,26880.0,2.0,4.0,3.0,243
1902,1263.0,1.0,18600.0,1.0,4.0,4.0,144
1903,230.0,2.0,8160.0,4.0,4.0,4.0,444
1904,842.0,1.0,19010.0,1.0,4.0,4.0,144
1905,1071.0,2.0,32260.0,1.0,4.0,3.0,143
1907,183.0,3.0,58790.0,4.0,2.0,1.0,421
1908,1182.0,1.0,17420.0,1.0,4.0,4.0,144
1909,320.0,3.0,26790.0,3.0,2.0,3.0,323
1910,1434.0,1.0,12670.0,1.0,4.0,4.0,144
1911,596.0,1.0,27040.0,2.0,4.0,3.0,243
1912,792.0,2.0,42380.0,2.0,4.0,2.0,242
1913,215.0,5.0,55190.0,4.0,1.0,2.0,412
1915,671.0,1.0,13520.0,2.0,4.0,4.0,244
1916,566.0,1.0,17250.0,2.0,4.0,4.0,244
1917,283.0,5.0,95310.0,3.0,1.0,1.0,311
1918,421.0,2.0,23420.0,3.0,4.0,3.0,343
1919,302.0,1.0,21940.0,3.0,4.0,3.0,343
1920,204.0,2.0,25640.0,4.0,4.0,3.0,443
1921,568.0,2.0,12050.0,2.0,4.0,4.0,244
1922,156.0,3.0,25680.0,4.0,2.0,3.0,423
1923,508.0,4.0,46180.0,2.0,2.0,2.0,222
1924,268.0,5.0,66160.0,4.0,1.0,1.0,411
1925,155.0,3.0,48280.0,4.0,2.0,2.0,422
1926,619.0,4.0,69500.0,2.0,2.0,1.0,221
1927,333.0,6.0,70000.0,3.0,1.0,1.0,311
1928,762.0,2.0,37950.0,2.0,4.0,2.0,242
1929,425.0,3.0,36290.0,3.0,2.0,2.0,322
1930,243.0,1.0,7370.0,4.0,4.0,4.0,444
1931,407.0,3.0,61470.0,3.0,2.0,1.0,321
1932,872.0,3.0,55630.0,1.0,2.0,1.0,121
1933,225.0,2.0,22880.0,4.0,4.0,3.0,443
1934,527.0,2.0,46350.0,2.0,4.0,2.0,242
1935,1129.0,2.0,18160.0,1.0,4.0,4.0,144
1936,656.0,3.0,43750.0,2.0,2.0,2.0,222
1937,892.0,3.0,36660.0,1.0,2.0,2.0,122
1938,423.0,2.0,22240.0,3.0,4.0,3.0,343
1939,1000.0,2.0,16510.0,1.0,4.0,4.0,144
1940,384.0,3.0,69460.0,3.0,2.0,1.0,321
1941,365.0,6.0,62850.0,3.0,1.0,1.0,311
1942,644.0,1.0,23390.0,2.0,4.0,3.0,243
1943,1112.0,2.0,33790.0,1.0,4.0,3.0,143
1944,1104.0,3.0,74880.0,1.0,2.0,1.0,121
1945,1406.0,1.0,27840.0,1.0,4.0,3.0,143
1946,364.0,4.0,83060.0,3.0,2.0,1.0,321
1947,303.0,4.0,59660.0,3.0,2.0,1.0,321
1948,698.0,2.0,15890.0,2.0,4.0,4.0,244
1949,1097.0,2.0,35900.0,1.0,4.0,3.0,143
1950,1456.0,1.0,13640.0,1.0,4.0,4.0,144
1951,368.0,1.0,15760.0,3.0,4.0,4.0,344
1952,248.0,5.0,77610.0,4.0,1.0,1.0,411
1953,174.0,5.0,79010.0,4.0,1.0,1.0,411
1954,577.0,4.0,44520.0,2.0,2.0,2.0,222
1955,317.0,2.0,31350.0,3.0,4.0,3.0,343
1956,310.0,2.0,38650.0,3.0,4.0,2.0,342
1957,320.0,4.0,64550.0,3.0,2.0,1.0,321
1959,363.0,3.0,40400.0,3.0,2.0,2.0,322
1960,364.0,3.0,57470.0,3.0,2.0,1.0,321
1961,685.0,2.0,38740.0,2.0,4.0,2.0,242
1962,318.0,1.0,19570.0,3.0,4.0,4.0,344
1963,267.0,5.0,71200.0,4.0,1.0,1.0,411
1964,237.0,6.0,121790.0,4.0,1.0,1.0,411
1965,436.0,4.0,43440.0,3.0,2.0,2.0,322
1966,515.0,2.0,24250.0,2.0,4.0,3.0,243
1967,1045.0,3.0,57040.0,1.0,2.0,1.0,121
1968,835.0,5.0,61040.0,1.0,1.0,1.0,111
1971,218.0,4.0,35240.0,4.0,2.0,3.0,423
1972,731.0,3.0,47240.0,2.0,2.0,2.0,222
1973,302.0,2.0,25840.0,3.0,4.0,3.0,343
1974,887.0,2.0,16500.0,1.0,4.0,4.0,144
1975,301.0,5.0,50110.0,3.0,1.0,2.0,312
1976,1019.0,4.0,72460.0,1.0,2.0,1.0,121
1977,287.0,3.0,34950.0,3.0,2.0,3.0,323
1978,1171.0,1.0,11960.0,1.0,4.0,4.0,144
1980,930.0,1.0,11670.0,1.0,4.0,4.0,144
1981,219.0,2.0,28690.0,4.0,4.0,3.0,443
1982,147.0,4.0,70750.0,4.0,2.0,1.0,421
1983,589.0,2.0,22470.0,2.0,4.0,3.0,243
1984,384.0,3.0,64680.0,3.0,2.0,1.0,321
1985,589.0,4.0,58030.0,2.0,2.0,1.0,221
1986,170.0,2.0,5560.0,4.0,4.0,4.0,444
1987,597.0,3.0,39000.0,2.0,2.0,2.0,222
1988,1546.0,1.0,14130.0,1.0,4.0,4.0,144
1989,412.0,6.0,90160.0,3.0,1.0,1.0,311
1990,263.0,3.0,49320.0,4.0,2.0,2.0,422
1991,140.0,8.0,114070.0,4.0,1.0,1.0,411
1992,594.0,3.0,39510.0,2.0,2.0,2.0,222
1993,194.0,8.0,139760.0,4.0,1.0,1.0,411
1994,601.0,3.0,14550.0,2.0,2.0,4.0,224
1995,583.0,1.0,22920.0,2.0,4.0,3.0,243
1996,210.0,5.0,98360.0,4.0,1.0,1.0,411
1997,425.0,2.0,13000.0,3.0,4.0,4.0,344
1998,546.0,2.0,50220.0,2.0,4.0,2.0,242
1999,356.0,1.0,28520.0,3.0,4.0,3.0,343
2000,273.0,1.0,25980.0,4.0,4.0,3.0,443
