customer_id,Recency,Frequency,Monetary,R_score,F_score,M_score,RFM_score
1450,1230,6,70420,4,3,4,434
1181,980,5,72930,4,3,4,434
220,858,6,79870,4,3,4,434
771,1035,6,100950,4,3,4,434
301,874,5,89110,4,3,4,434
1968,835,5,61040,4,3,4,434
1222,899,5,93110,4,3,4,434
434,1163,6,127960,4,3,4,434
949,998,4,77610,4,2,4,424
169,1140,3,61160,4,2,4,424
1976,1019,4,72460,4,2,4,424
1493,1022,3,69560,4,2,4,424
130,1248,3,59530,4,2,4,424
44,1114,3,60720,4,2,4,424
66,1000,3,65030,4,2,4,424
1967,1045,3,57040,4,2,4,424
175,992,3,69520,4,2,4,424
1807,852,4,65790,4,2,4,424
867,1000,3,63800,4,2,4,424
147,997,4,62440,4,2,4,424
1115,940,3,59890,4,2,4,424
1565,1024,4,96490,4,2,4,424
811,834,3,77310,4,2,4,424
1844,1110,3,66290,4,2,4,424
1479,895,3,56610,4,2,4,424
972,1061,4,64890,4,2,4,424
1454,1275,3,56540,4,2,4,424
1819,1245,3,75260,4,2,4,424
1182,1043,3,66460,4,2,4,424
1122,1059,4,64550,4,2,4,424
1750,883,4,111940,4,2,4,424
626,873,4,84480,4,2,4,424
724,838,3,62290,4,2,4,424
1651,984,4,70400,4,2,4,424
1048,963,4,59140,4,2,4,424
1944,1104,3,74880,4,2,4,424
1428,908,4,58390,4,2,4,424
22,852,3,56830,4,2,4,424
20,933,3,69340,4,2,4,424
1255,952,3,60380,4,2,4,424
1275,1159,4,66770,4,2,4,424
1162,907,3,56610,4,2,4,424
1932,872,3,55630,4,2,4,424
297,1203,3,41280,4,2,3,423
844,1075,3,52390,4,2,3,423
1231,860,3,45170,4,2,3,423
494,1128,3,53300,4,2,3,423
964,847,3,54580,4,2,3,423
1174,857,3,47950,4,2,3,423
1265,900,3,50380,4,2,3,423
100,917,4,51700,4,2,3,423
1617,832,3,50600,4,2,3,423
423,1000,3,38880,4,2,3,423
911,1050,3,39260,4,2,3,423
817,994,4,39840,4,2,3,423
493,1029,3,47130,4,2,3,423
534,1093,3,54350,4,2,3,423
1370,891,3,52060,4,2,3,423
1296,1027,3,39110,4,2,3,423
1429,1246,3,42460,4,2,3,423
1937,892,3,36660,4,2,3,423
1261,1199,4,53020,4,2,3,423
588,852,3,51740,4,2,3,423
1572,1337,3,49180,4,2,3,423
437,1008,3,36480,4,2,3,423
170,984,3,54070,4,2,3,423
1596,1287,3,49220,4,2,3,423
52,964,3,46050,4,2,3,423
107,832,3,45760,4,2,3,423
651,1112,4,44010,4,2,3,423
835,1156,3,42020,4,2,3,423
347,972,4,54430,4,2,3,423
1422,1038,3,41750,4,2,3,423
1569,987,3,42260,4,2,3,423
193,872,3,36530,4,2,3,423
1734,874,3,48280,4,2,3,423
317,960,3,41510,4,2,3,423
1067,968,3,44700,4,2,3,423
334,1010,3,28930,4,2,2,422
1434,869,3,34140,4,2,2,422
4,976,3,35210,4,2,2,422
1009,843,3,24940,4,2,2,422
1439,879,3,31250,4,2,2,422
364,906,3,36070,4,2,2,422
875,1011,3,26450,4,2,2,422
563,1196,4,32580,4,2,2,422
607,878,3,35100,4,2,2,422
1269,1021,3,23720,4,2,2,422
1366,1186,3,28960,4,2,2,422
282,1035,3,31840,4,2,2,422
553,827,3,34730,4,2,2,422
465,1094,3,16540,4,2,1,421
359,967,3,20160,4,2,1,421
1723,847,3,20810,4,2,1,421
1817,1205,3,20130,4,2,1,421
1864,841,3,17570,4,2,1,421
1691,1074,2,55740,4,1,4,414
1066,1144,2,56420,4,1,4,414
1091,1144,2,55990,4,1,4,414
767,1519,2,54250,4,1,3,413
1395,1092,2,45310,4,1,3,413
1677,942,2,54000,4,1,3,413
1145,1269,2,36910,4,1,3,413
856,1144,2,43720,4,1,3,413
1169,1324,2,40220,4,1,3,413
865,906,2,43120,4,1,3,413
498,1225,2,39110,4,1,3,413
1146,1345,2,36320,4,1,3,413
661,864,2,38990,4,1,3,413
1644,1398,2,39130,4,1,3,413
948,1323,2,37440,4,1,3,413
945,912,2,36650,4,1,3,413
191,1085,2,45420,4,1,3,413
474,1309,2,42800,4,1,3,413
159,1230,2,48190,4,1,3,413
1534,1244,2,38860,4,1,3,413
323,1035,2,43060,4,1,3,413
344,846,2,46520,4,1,3,413
1193,1021,2,45930,4,1,3,413
592,1250,2,43860,4,1,3,413
348,1239,2,39560,4,1,3,413
1811,949,2,39500,4,1,3,413
1420,1062,2,44920,4,1,3,413
731,1341,2,52700,4,1,3,413
1038,965,2,53020,4,1,3,413
1701,827,2,46230,4,1,3,413
1841,1315,2,53950,4,1,3,413
322,1139,2,38360,4,1,3,413
541,896,2,46100,4,1,3,413
278,895,2,39590,4,1,3,413
743,843,2,40740,4,1,3,413
736,984,2,36930,4,1,3,413
789,959,2,48580,4,1,3,413
1257,1123,2,39520,4,1,3,413
1618,1267,2,45660,4,1,3,413
1812,860,2,46240,4,1,3,413
335,982,2,48210,4,1,3,413
1488,887,2,52790,4,1,3,413
1814,1259,2,49880,4,1,3,413
993,865,2,43120,4,1,3,413
584,1068,2,38750,4,1,3,413
823,1124,2,38440,4,1,3,413
512,1050,2,45020,4,1,3,413
1717,1393,2,45110,4,1,3,413
578,872,2,54940,4,1,3,413
829,966,2,38360,4,1,3,413
379,1433,1,22790,4,1,2,412
239,826,2,25880,4,1,2,412
678,1585,1,25150,4,1,2,412
1832,901,2,28360,4,1,2,412
382,1456,1,21710,4,1,2,412
1362,1026,2,34430,4,1,2,412
1738,1055,2,23540,4,1,2,412
1196,1192,2,25880,4,1,2,412
447,1174,1,26930,4,1,2,412
1365,978,2,24720,4,1,2,412
751,840,2,31500,4,1,2,412
1660,1128,1,26720,4,1,2,412
1558,1531,1,23550,4,1,2,412
749,1082,2,22960,4,1,2,412
682,1114,2,34390,4,1,2,412
750,899,2,32290,4,1,2,412
695,940,2,22050,4,1,2,412
223,965,2,23890,4,1,2,412
1367,1411,1,27490,4,1,2,412
277,1186,2,35360,4,1,2,412
1325,1360,2,24910,4,1,2,412
1310,1588,1,28460,4,1,2,412
841,1141,1,29320,4,1,2,412
1900,1403,1,23460,4,1,2,412
287,907,1,23020,4,1,2,412
1369,1158,1,22740,4,1,2,412
827,995,2,27350,4,1,2,412
1836,946,1,28430,4,1,2,412
269,1105,2,31930,4,1,2,412
296,956,2,29450,4,1,2,412
822,1237,2,26420,4,1,2,412
1905,1071,2,32260,4,1,2,412
299,1463,1,26850,4,1,2,412
1299,1470,1,28010,4,1,2,412
1676,1401,1,26120,4,1,2,412
1284,1186,1,21210,4,1,2,412
402,860,2,35900,4,1,2,412
1170,869,2,33760,4,1,2,412
1541,963,1,21320,4,1,2,412
1483,1284,2,26830,4,1,2,412
1852,1466,1,29820,4,1,2,412
1853,1233,1,22000,4,1,2,412
868,1143,2,31380,4,1,2,412
1727,1268,2,28270,4,1,2,412
1328,825,1,27680,4,1,2,412
1881,1173,1,28900,4,1,2,412
1542,1069,1,26130,4,1,2,412
1840,845,2,31150,4,1,2,412
577,1580,1,28200,4,1,2,412
1220,840,2,33720,4,1,2,412
133,847,1,26160,4,1,2,412
1443,827,2,23270,4,1,2,412
1230,1554,1,21340,4,1,2,412
641,959,2,28040,4,1,2,412
118,1189,2,34670,4,1,2,412
120,870,2,35950,4,1,2,412
1425,1128,1,23410,4,1,2,412
544,1185,2,27380,4,1,2,412
1137,951,2,22570,4,1,2,412
655,946,2,35080,4,1,2,412
960,912,2,32750,4,1,2,412
1053,900,1,29640,4,1,2,412
1804,946,2,32720,4,1,2,412
1567,1197,1,24750,4,1,2,412
1396,837,2,32470,4,1,2,412
1093,1086,1,28700,4,1,2,412
485,1081,1,29550,4,1,2,412
536,871,1,29960,4,1,2,412
1458,1170,2,31300,4,1,2,412
59,1202,2,27120,4,1,2,412
1755,1048,2,26450,4,1,2,412
109,967,2,25160,4,1,2,412
629,857,1,23350,4,1,2,412
530,1545,2,24830,4,1,2,412
527,843,2,33330,4,1,2,412
84,829,1,23860,4,1,2,412
67,1255,1,29390,4,1,2,412
1813,1134,1,29890,4,1,2,412
1037,992,1,29990,4,1,2,412
1415,1387,1,24810,4,1,2,412
524,1452,1,22800,4,1,2,412
1014,1507,1,27630,4,1,2,412
523,1102,1,29640,4,1,2,412
1109,985,2,30310,4,1,2,412
520,1022,2,30120,4,1,2,412
1763,1308,1,21600,4,1,2,412
1413,1252,2,31210,4,1,2,412
1514,1377,2,27390,4,1,2,412
540,1039,1,23550,4,1,2,412
104,1205,2,34270,4,1,2,412
1642,1224,2,35270,4,1,2,412
148,1246,1,26220,4,1,2,412
155,1124,2,22100,4,1,2,412
1062,1482,1,24350,4,1,2,412
174,1307,1,27540,4,1,2,412
178,920,2,23510,4,1,2,412
1248,924,2,34380,4,1,2,412
1102,995,2,31410,4,1,2,412
919,1163,2,33650,4,1,2,412
594,1050,1,22390,4,1,2,412
194,1577,1,21300,4,1,2,412
923,1354,1,22050,4,1,2,412
1427,1134,2,24270,4,1,2,412
1592,865,1,21910,4,1,2,412
1943,1113,2,33790,4,1,2,412
1083,1210,1,29670,4,1,2,412
926,824,2,27990,4,1,2,412
1653,830,2,21710,4,1,2,412
1945,1406,1,27840,4,1,2,412
1746,1249,2,23650,4,1,2,412
1820,1589,1,26080,4,1,2,412
1247,879,2,29420,4,1,2,412
481,1280,1,21820,4,1,2,412
669,1140,2,23770,4,1,2,412
1949,1098,2,35900,4,1,2,412
1648,1173,1,25230,4,1,2,412
914,1176,1,22280,4,1,2,412
1065,1340,1,24990,4,1,2,412
1643,1572,1,27440,4,1,2,412
611,1449,1,16580,4,1,1,411
581,1467,1,15910,4,1,1,411
1787,943,1,15530,4,1,1,411
733,1007,1,11130,4,1,1,411
583,1435,1,5040,4,1,1,411
1198,996,1,15160,4,1,1,411
571,991,1,8260,4,1,1,411
1865,884,2,19920,4,1,1,411
1495,1129,2,14920,4,1,1,411
568,1592,1,9470,4,1,1,411
1521,1104,2,13490,4,1,1,411
1519,1281,1,10700,4,1,1,411
1772,1116,1,6020,4,1,1,411
1204,1283,1,18410,4,1,1,411
1861,1515,1,11960,4,1,1,411
556,1385,1,16310,4,1,1,411
738,1588,2,20460,4,1,1,411
1240,1323,1,10870,4,1,1,411
381,1187,2,5660,4,1,1,411
604,1540,1,5670,4,1,1,411
1200,1361,1,12580,4,1,1,411
1246,827,1,14460,4,1,1,411
552,1565,1,15550,4,1,1,411
399,1125,1,6070,4,1,1,411
462,879,1,90,4,1,1,411
615,1028,2,16020,4,1,1,411
707,854,1,10280,4,1,1,411
1540,1052,1,20410,4,1,1,411
432,1428,1,12920,4,1,1,411
1535,1073,1,16560,4,1,1,411
436,1035,2,16900,4,1,1,411
765,1364,1,3740,4,1,1,411
694,1188,1,6360,4,1,1,411
692,1095,1,20440,4,1,1,411
1733,1326,1,13620,4,1,1,411
444,897,1,5440,4,1,1,411
1833,1269,1,4400,4,1,1,411
1510,1304,2,5250,4,1,1,411
665,1211,2,5600,4,1,1,411
1830,1196,1,10990,4,1,1,411
450,1224,1,5850,4,1,1,411
1822,1477,1,6330,4,1,1,411
676,1061,1,7630,4,1,1,411
1214,1586,1,9480,4,1,1,411
1826,1009,1,15410,4,1,1,411
1824,1371,1,3820,4,1,1,411
703,1521,1,10760,4,1,1,411
483,907,1,18140,4,1,1,411
528,1427,1,8450,4,1,1,411
712,823,1,1270,4,1,1,411
617,1591,1,5480,4,1,1,411
405,916,1,19380,4,1,1,411
1721,1346,1,8910,4,1,1,411
1768,1180,1,4480,4,1,1,411
514,1319,1,8360,4,1,1,411
466,1260,2,20100,4,1,1,411
728,842,1,18110,4,1,1,411
413,1257,1,480,4,1,1,411
1837,1313,1,1840,4,1,1,411
1206,831,1,13350,4,1,1,411
1816,1301,1,6630,4,1,1,411
1270,979,2,16480,4,1,1,411
490,1167,1,8690,4,1,1,411
721,952,1,17340,4,1,1,411
1722,1571,1,19030,4,1,1,411
487,1537,1,5160,4,1,1,411
1500,977,1,6800,4,1,1,411
1221,1044,1,21110,4,1,1,411
660,1489,1,6360,4,1,1,411
507,1045,1,2900,4,1,1,411
1802,969,1,18750,4,1,1,411
1317,1238,2,11820,4,1,1,411
1460,935,1,18770,4,1,1,411
967,1186,2,16450,4,1,1,411
145,987,2,16870,4,1,1,411
140,1257,2,14650,4,1,1,411
138,1116,1,9270,4,1,1,411
973,839,1,11990,4,1,1,411
1568,1442,1,9280,4,1,1,411
1401,1541,1,6220,4,1,1,411
978,1279,1,15490,4,1,1,411
1639,887,1,1150,4,1,1,411
1136,1411,1,10140,4,1,1,411
1447,1373,2,21130,4,1,1,411
991,1015,1,1040,4,1,1,411
1408,907,1,8780,4,1,1,411
1446,833,1,16890,4,1,1,411
999,1456,1,20560,4,1,1,411
1950,1456,1,13640,4,1,1,411
165,1107,1,16210,4,1,1,411
883,1085,2,18530,4,1,1,411
947,1009,2,15290,4,1,1,411
226,1153,1,20120,4,1,1,411
1159,897,2,14440,4,1,1,411
1364,1454,1,17790,4,1,1,411
896,1510,1,14850,4,1,1,411
899,1470,1,16640,4,1,1,411
1657,871,2,17150,4,1,1,411
902,1139,1,7390,4,1,1,411
904,914,1,19340,4,1,1,411
1935,1130,2,18160,4,1,1,411
905,1307,1,7210,4,1,1,411
1655,1293,2,9820,4,1,1,411
912,1336,1,4630,4,1,1,411
1464,1178,1,7120,4,1,1,411
1939,1000,2,16510,4,1,1,411
360,914,1,1140,4,1,1,411
96,1552,1,12980,4,1,1,411
1013,1128,1,7730,4,1,1,411
1974,887,2,16500,4,1,1,411
92,889,1,16530,4,1,1,411
1107,985,1,10960,4,1,1,411
45,1160,2,18110,4,1,1,411
1057,1053,1,19350,4,1,1,411
1105,1349,1,8080,4,1,1,411
41,1383,1,17520,4,1,1,411
1063,854,1,11510,4,1,1,411
37,1350,2,11730,4,1,1,411
1104,978,1,14110,4,1,1,411
1074,1097,1,5020,4,1,1,411
28,1276,1,10370,4,1,1,411
1079,1347,1,9370,4,1,1,411
1080,1081,1,11880,4,1,1,411
1100,1010,1,8010,4,1,1,411
17,1369,1,15290,4,1,1,411
3,855,1,9970,4,1,1,411
1988,1547,1,14130,4,1,1,411
1051,896,1,8640,4,1,1,411
1980,931,1,11670,4,1,1,411
1606,1179,2,15960,4,1,1,411
1445,885,1,10020,4,1,1,411
90,979,1,6610,4,1,1,411
1121,1456,1,10300,4,1,1,411
1619,1202,1,15910,4,1,1,411
1025,1071,1,17420,4,1,1,411
79,1028,2,16420,4,1,1,411
1032,986,1,17400,4,1,1,411
58,1099,1,6480,4,1,1,411
1978,1171,1,11960,4,1,1,411
71,1374,1,17000,4,1,1,411
69,1063,1,18270,4,1,1,411
1605,1256,1,15740,4,1,1,411
63,1122,1,14450,4,1,1,411
1603,978,1,16460,4,1,1,411
888,1559,1,3220,4,1,1,411
1377,1284,1,13500,4,1,1,411
830,1461,2,15950,4,1,1,411
783,1435,1,11610,4,1,1,411
849,1450,1,20570,4,1,1,411
1694,1142,2,16180,4,1,1,411
1904,843,1,19010,4,1,1,411
1874,850,2,12840,4,1,1,411
843,958,1,9700,4,1,1,411
272,1415,1,18530,4,1,1,411
1902,1264,1,18600,4,1,1,411
1343,1102,2,21020,4,1,1,411
1339,1135,1,13860,4,1,1,411
1703,1110,2,15250,4,1,1,411
832,931,1,4980,4,1,1,411
1681,865,2,7050,4,1,1,411
1876,1567,1,10740,4,1,1,411
1910,1435,1,12670,4,1,1,411
792,1113,2,19860,4,1,1,411
1338,826,1,18500,4,1,1,411
1189,1320,1,9540,4,1,1,411
1188,1094,1,5250,4,1,1,411
797,1230,1,14110,4,1,1,411
294,1415,1,17660,4,1,1,411
321,1581,1,900,4,1,1,411
319,938,2,21040,4,1,1,411
1700,1135,1,13770,4,1,1,411
1886,1320,1,7200,4,1,1,411
1662,988,1,16160,4,1,1,411
802,1219,1,4920,4,1,1,411
1351,990,2,20830,4,1,1,411
1908,1182,1,17420,4,1,1,411
1669,1479,1,16600,4,1,1,411
770,1205,2,17020,4,1,1,411
1557,910,1,9390,4,1,1,411
1360,1229,1,17000,4,1,1,411
238,1078,1,9080,4,1,1,411
1467,1026,1,8220,4,1,1,411
1358,1131,1,210,4,1,1,411
874,1208,1,19430,4,1,1,411
873,850,1,14580,4,1,1,411
1556,1507,1,1530,4,1,1,411
869,916,1,13770,4,1,1,411
871,1102,1,20480,4,1,1,411
1320,1499,1,13980,4,1,1,411
860,1462,1,12850,4,1,1,411
346,956,1,8920,4,1,1,411
774,1474,1,15030,4,1,1,411
1548,942,2,19910,4,1,1,411
772,992,1,5690,4,1,1,411
1667,860,1,4010,4,1,1,411
747,538,5,93060,3,3,4,334
88,533,7,79840,3,3,4,334
555,550,6,94010,3,3,4,334
1871,513,5,78240,3,3,4,334
1417,522,5,102350,3,3,4,334
1788,579,6,89390,3,3,4,334
9,501,6,79280,3,3,4,334
1797,610,5,64200,3,3,4,334
324,601,5,77900,3,3,4,334
1305,645,5,76830,3,3,4,334
354,676,6,103190,3,3,4,334
392,789,6,100200,3,3,4,334
1250,693,5,77090,3,3,4,334
538,745,5,94160,3,3,4,334
1432,805,5,93360,3,3,4,334
782,597,7,101020,3,3,4,334
885,501,6,100560,3,3,4,334
652,766,5,86650,3,3,4,334
1828,704,5,102180,3,3,4,334
1690,602,5,81630,3,3,4,334
935,528,6,96170,3,3,4,334
1529,728,5,62140,3,3,4,334
1636,518,6,113050,3,3,4,334
918,712,7,113290,3,3,4,334
1843,758,6,87580,3,3,4,334
1294,504,5,68900,3,3,4,334
1689,498,6,88050,3,3,4,334
1355,550,5,84610,3,3,4,334
1631,779,5,64490,3,3,4,334
468,633,6,94910,3,3,4,334
121,624,5,95910,3,3,4,334
917,570,6,55280,3,3,3,333
131,498,5,50770,3,3,3,333
779,489,6,38210,3,3,3,333
185,488,5,43070,3,3,3,333
1783,681,6,43780,3,3,3,333
459,512,5,50220,3,3,3,333
439,713,5,38580,3,3,3,333
1078,757,4,62800,3,2,4,324
1579,750,4,79730,3,2,4,324
672,601,4,81860,3,2,4,324
908,745,4,66210,3,2,4,324
708,684,3,67500,3,2,4,324
924,648,4,57490,3,2,4,324
1249,515,3,59230,3,2,4,324
1085,657,4,57330,3,2,4,324
1578,757,3,65320,3,2,4,324
1071,578,4,81180,3,2,4,324
1097,638,3,64050,3,2,4,324
752,755,4,66300,3,2,4,324
1186,651,4,82970,3,2,4,324
1150,763,4,67350,3,2,4,324
1142,618,3,59200,3,2,4,324
806,559,4,98830,3,2,4,324
1530,629,4,85880,3,2,4,324
820,692,3,58930,3,2,4,324
1007,642,4,65350,3,2,4,324
1127,515,4,67680,3,2,4,324
1573,549,3,57450,3,2,4,324
1570,559,4,74310,3,2,4,324
1114,543,3,74100,3,2,4,324
828,690,4,73530,3,2,4,324
798,698,4,82780,3,2,4,324
989,789,4,64570,3,2,4,324
612,602,3,68240,3,2,4,324
1225,770,4,63640,3,2,4,324
645,538,4,84110,3,2,4,324
987,569,4,77830,3,2,4,324
739,673,3,73120,3,2,4,324
785,550,3,62790,3,2,4,324
1056,580,3,66530,3,2,4,324
746,563,4,58050,3,2,4,324
1011,621,4,58180,3,2,4,324
1582,719,4,67340,3,2,4,324
1491,762,3,58830,3,2,4,324
1492,530,3,65320,3,2,4,324
1279,738,3,71700,3,2,4,324
1490,644,4,64600,3,2,4,324
161,773,4,79760,3,2,4,324
456,664,4,64140,3,2,4,324
511,744,4,84910,3,2,4,324
362,486,4,84040,3,2,4,324
1805,724,4,75490,3,2,4,324
355,802,4,58830,3,2,4,324
1895,725,3,56650,3,2,4,324
176,542,4,79550,3,2,4,324
1985,590,4,58030,3,2,4,324
1891,798,3,57720,3,2,4,324
554,596,4,79040,3,2,4,324
1481,529,3,75300,3,2,4,324
1926,619,4,69500,3,2,4,324
429,608,4,58270,3,2,4,324
97,546,4,55670,3,2,4,324
417,490,4,57190,3,2,4,324
212,486,4,73890,3,2,4,324
1847,763,3,76610,3,2,4,324
7,489,3,57470,3,2,4,324
235,645,4,71850,3,2,4,324
1515,568,4,106590,3,2,4,324
1511,683,3,37320,3,2,3,323
1547,745,3,37500,3,2,3,323
1875,797,3,39820,3,2,3,323
338,605,3,53410,3,2,3,323
353,776,3,54790,3,2,3,323
1987,598,3,39000,3,2,3,323
126,685,4,51350,3,2,3,323
1749,634,4,45850,3,2,3,323
1054,522,3,38380,3,2,3,323
2,514,4,45020,3,2,3,323
48,514,3,39390,3,2,3,323
1825,765,3,44010,3,2,3,323
1880,630,3,46570,3,2,3,323
1052,679,3,45360,3,2,3,323
114,650,3,48640,3,2,3,323
1251,683,4,42700,3,2,3,323
1043,706,3,42200,3,2,3,323
1042,615,3,39700,3,2,3,323
86,597,4,53420,3,2,3,323
1839,774,3,46170,3,2,3,323
1117,664,3,42710,3,2,3,323
1608,700,3,55340,3,2,3,323
1497,753,4,47830,3,2,3,323
705,662,4,40380,3,2,3,323
1010,557,3,40540,3,2,3,323
1419,594,3,53390,3,2,3,323
99,557,4,38170,3,2,3,323
1858,697,4,53690,3,2,3,323
1859,548,4,48280,3,2,3,323
1311,574,4,39520,3,2,3,323
1574,594,4,47610,3,2,3,323
693,744,3,53120,3,2,3,323
374,559,4,39180,3,2,3,323
68,632,4,55180,3,2,3,323
1834,625,3,38560,3,2,3,323
1972,732,3,47240,3,2,3,323
1883,486,4,50490,3,2,3,323
1737,634,3,51800,3,2,3,323
1710,642,3,39650,3,2,3,323
496,729,3,37120,3,2,3,323
82,552,3,55330,3,2,3,323
1290,666,3,54440,3,2,3,323
1923,508,4,46180,3,2,3,323
619,580,3,51420,3,2,3,323
1810,794,4,52840,3,2,3,323
1887,792,3,43100,3,2,3,323
1554,754,3,43700,3,2,3,323
1147,634,4,46360,3,2,3,323
942,529,3,49940,3,2,3,323
1566,792,3,49850,3,2,3,323
548,719,3,48740,3,2,3,323
29,752,3,48140,3,2,3,323
1595,750,3,37430,3,2,3,323
518,652,3,44690,3,2,3,323
18,504,4,45270,3,2,3,323
1165,528,3,36370,3,2,3,323
15,607,3,45830,3,2,3,323
929,616,3,45470,3,2,3,323
1779,642,4,48650,3,2,3,323
1654,560,3,53820,3,2,3,323
196,820,3,55600,3,2,3,323
906,494,4,51370,3,2,3,323
1936,656,3,43750,3,2,3,323
622,668,3,47080,3,2,3,323
1671,498,3,41200,3,2,3,323
1992,594,3,39510,3,2,3,323
149,770,3,47470,3,2,3,323
1400,528,3,38760,3,2,3,323
1888,676,4,53670,3,2,3,323
1576,636,4,55250,3,2,3,323
971,671,3,48400,3,2,3,323
1954,577,4,44520,3,2,3,323
1754,503,3,48360,3,2,3,323
1141,510,3,54250,3,2,3,323
39,773,4,43000,3,2,3,323
1685,780,4,46430,3,2,3,323
1268,616,3,40120,3,2,3,323
833,668,4,55220,3,2,3,323
941,666,3,27850,3,2,2,322
389,816,3,31480,3,2,2,322
982,660,3,34630,3,2,2,322
271,523,3,27210,3,2,2,322
217,659,3,33680,3,2,2,322
89,513,3,27350,3,2,2,322
984,722,3,29670,3,2,2,322
1620,584,3,35890,3,2,2,322
137,820,3,35800,3,2,2,322
1561,614,3,34850,3,2,2,322
766,535,3,22690,3,2,2,322
222,496,3,36110,3,2,2,322
889,536,4,25400,3,2,2,322
119,498,4,33570,3,2,2,322
1349,683,3,32510,3,2,2,322
818,558,4,23920,3,2,2,322
580,593,3,23400,3,2,2,322
243,540,3,34670,3,2,2,322
98,526,3,30660,3,2,2,322
1716,521,3,34170,3,2,2,322
110,700,3,35310,3,2,2,322
946,771,3,21520,3,2,2,322
203,488,3,35470,3,2,2,322
285,779,3,30510,3,2,2,322
803,499,4,24910,3,2,2,322
913,652,3,23150,3,2,2,322
42,511,3,35760,3,2,2,322
431,619,4,26540,3,2,2,322
627,586,3,25780,3,2,2,322
1827,795,3,25850,3,2,2,322
43,540,3,28850,3,2,2,322
425,743,3,26660,3,2,2,322
489,524,3,29040,3,2,2,322
1601,618,3,32690,3,2,2,322
1771,748,3,32850,3,2,2,322
1815,818,3,29900,3,2,2,322
1050,637,3,23790,3,2,2,322
509,543,3,19680,3,2,1,321
877,720,3,16760,3,2,1,321
433,778,3,10380,3,2,1,321
132,611,3,19880,3,2,1,321
1762,574,4,11030,3,2,1,321
642,658,3,14420,3,2,1,321
1994,602,3,14550,3,2,1,321
671,733,3,17410,3,2,1,321
1899,682,2,56580,3,1,4,314
1119,728,2,56290,3,1,4,314
673,725,2,39410,3,1,3,313
177,500,2,53030,3,1,3,313
25,801,2,36940,3,1,3,313
1998,547,2,50220,3,1,3,313
764,573,2,45100,3,1,3,313
1961,686,2,38740,3,1,3,313
1873,518,2,37750,3,1,3,313
649,577,2,52550,3,1,3,313
1049,521,2,42890,3,1,3,313
962,577,2,48690,3,1,3,313
1219,755,2,39350,3,1,3,313
1912,793,2,42380,3,1,3,313
337,651,2,38510,3,1,3,313
1326,784,2,42440,3,1,3,313
1770,659,2,43400,3,1,3,313
492,562,2,47870,3,1,3,313
1044,586,2,54950,3,1,3,313
955,741,2,49250,3,1,3,313
807,622,2,38790,3,1,3,313
646,699,2,51150,3,1,3,313
85,497,2,48530,3,1,3,313
582,488,2,49850,3,1,3,313
1934,527,2,46350,3,1,3,313
1140,654,2,37430,3,1,3,313
1835,714,2,39260,3,1,3,313
1098,634,2,37810,3,1,3,313
1761,745,2,48480,3,1,3,313
228,612,2,45760,3,1,3,313
1033,559,2,50050,3,1,3,313
1410,814,2,52050,3,1,3,313
284,822,2,36610,3,1,3,313
74,781,2,36370,3,1,3,313
975,666,2,38140,3,1,3,313
1223,708,2,41060,3,1,3,313
516,557,2,46390,3,1,3,313
1039,556,2,52300,3,1,3,313
454,586,2,53140,3,1,3,313
1130,678,2,50780,3,1,3,313
1928,762,2,37950,3,1,3,313
932,646,2,43170,3,1,3,313
1901,735,2,26880,3,1,2,312
1388,792,2,35500,3,1,2,312
961,648,2,31010,3,1,2,312
289,817,2,29090,3,1,2,312
154,511,1,28440,3,1,2,312
958,610,2,32820,3,1,2,312
1144,552,2,35130,3,1,2,312
1693,674,2,26820,3,1,2,312
1550,664,2,25370,3,1,2,312
1663,572,2,26390,3,1,2,312
573,595,1,28750,3,1,2,312
1156,573,2,25920,3,1,2,312
1094,546,2,22800,3,1,2,312
564,632,1,23250,3,1,2,312
225,706,2,35150,3,1,2,312
186,716,1,25230,3,1,2,312
1942,644,1,23390,3,1,2,312
1796,640,2,26940,3,1,2,312
928,525,2,29640,3,1,2,312
593,644,1,24080,3,1,2,312
233,609,1,24330,3,1,2,312
1153,548,2,27360,3,1,2,312
931,664,2,27060,3,1,2,312
236,562,2,34190,3,1,2,312
526,593,2,24090,3,1,2,312
1777,751,2,34360,3,1,2,312
872,580,2,22760,3,1,2,312
245,788,1,22750,3,1,2,312
605,614,2,25760,3,1,2,312
30,728,2,28130,3,1,2,312
1528,750,2,27460,3,1,2,312
861,801,2,23050,3,1,2,312
172,721,1,25850,3,1,2,312
1995,583,1,22920,3,1,2,312
171,704,2,23240,3,1,2,312
1911,597,1,27040,3,1,2,312
537,512,2,25840,3,1,2,312
1070,570,1,24130,3,1,2,312
1064,569,2,29130,3,1,2,312
1199,506,1,25520,3,1,2,312
61,546,2,24360,3,1,2,312
1190,571,1,21420,3,1,2,312
668,704,2,31530,3,1,2,312
117,796,2,35310,3,1,2,312
1966,516,2,24250,3,1,2,312
1706,597,2,29790,3,1,2,312
710,735,1,26210,3,1,2,312
113,742,2,27840,3,1,2,312
1983,590,2,22470,3,1,2,312
1688,606,2,36080,3,1,2,312
1216,614,2,26710,3,1,2,312
1283,496,2,24420,3,1,2,312
1131,646,2,27350,3,1,2,312
1707,656,2,34560,3,1,2,312
759,747,1,21460,3,1,2,312
1627,620,1,23910,3,1,2,312
64,563,2,22950,3,1,2,312
1111,785,2,29310,3,1,2,312
428,770,2,32400,3,1,2,312
440,695,1,27820,3,1,2,312
1306,793,1,25570,3,1,2,312
1312,500,2,32280,3,1,2,312
435,759,2,30110,3,1,2,312
697,685,2,28130,3,1,2,312
706,714,2,27230,3,1,2,312
384,671,2,23180,3,1,2,312
1538,605,1,24600,3,1,2,312
704,668,2,29230,3,1,2,312
1278,802,2,25740,3,1,2,312
1292,552,2,35890,3,1,2,312
497,538,2,21700,3,1,2,312
298,507,1,28620,3,1,2,312
1226,486,1,23910,3,1,2,312
502,797,1,27380,3,1,2,312
1397,628,2,31880,3,1,2,312
1333,563,2,34800,3,1,2,312
809,611,2,26430,3,1,2,312
1640,821,1,25730,3,1,2,312
312,529,2,22740,3,1,2,312
1699,612,1,22150,3,1,2,312
663,816,2,27400,3,1,2,312
1482,557,2,32940,3,1,2,312
1638,664,2,28620,3,1,2,312
793,488,2,33810,3,1,2,312
1635,642,2,34920,3,1,2,312
790,778,2,33680,3,1,2,312
1327,801,1,21540,3,1,2,312
737,622,1,24400,3,1,2,312
795,686,2,31220,3,1,2,312
1882,508,2,33200,3,1,2,312
1015,730,1,10250,3,1,1,311
6,513,2,16410,3,1,1,311
1375,517,2,11010,3,1,1,311
916,506,2,3890,3,1,1,311
1583,816,1,5740,3,1,1,311
915,707,1,6340,3,1,1,311
80,534,1,9670,3,1,1,311
187,728,1,10920,3,1,1,311
202,507,1,7850,3,1,1,311
1436,652,1,18270,3,1,1,311
38,670,2,19030,3,1,1,311
101,686,2,15950,3,1,1,311
1948,698,2,15890,3,1,1,311
1392,739,2,6200,3,1,1,311
36,811,2,8380,3,1,1,311
83,647,1,7680,3,1,1,311
129,729,1,810,3,1,1,311
158,611,1,9640,3,1,1,311
128,805,1,3410,3,1,1,311
1463,520,1,8890,3,1,1,311
1123,563,2,7670,3,1,1,311
124,738,1,950,3,1,1,311
31,512,1,19990,3,1,1,311
106,542,1,4890,3,1,1,311
1041,752,1,5610,3,1,1,311
1082,533,2,9150,3,1,1,311
13,802,1,220,3,1,1,311
1616,754,1,14020,3,1,1,311
997,815,1,15650,3,1,1,311
295,486,2,8780,3,1,1,311
1893,525,1,5380,3,1,1,311
1695,580,2,9910,3,1,1,311
310,599,2,9590,3,1,1,311
385,631,1,9360,3,1,1,311
1183,652,1,20080,3,1,1,311
1334,767,2,19540,3,1,1,311
643,710,1,12150,3,1,1,311
1857,516,2,8730,3,1,1,311
290,716,2,6190,3,1,1,311
801,533,2,10710,3,1,1,311
505,523,1,4280,3,1,1,311
1549,766,2,13430,3,1,1,311
1720,506,1,7030,3,1,1,311
634,553,1,17360,3,1,1,311
838,805,2,16430,3,1,1,311
1233,740,1,8700,3,1,1,311
1179,611,2,18410,3,1,1,311
1503,738,2,5420,3,1,1,311
1271,604,2,8070,3,1,1,311
1177,568,2,16310,3,1,1,311
349,548,1,20340,3,1,1,311
681,683,2,5510,3,1,1,311
763,623,2,15520,3,1,1,311
910,570,1,10920,3,1,1,311
469,717,2,10450,3,1,1,311
352,787,1,4200,3,1,1,311
776,799,1,15870,3,1,1,311
1546,545,1,9760,3,1,1,311
1217,698,1,13340,3,1,1,311
326,623,1,2320,3,1,1,311
1730,573,1,5090,3,1,1,311
342,636,1,8550,3,1,1,311
1823,524,1,19000,3,1,1,311
1533,785,1,17270,3,1,1,311
471,605,1,390,3,1,1,311
1277,640,1,6130,3,1,1,311
1718,802,2,16550,3,1,1,311
1714,521,1,19090,3,1,1,311
517,508,2,11940,3,1,1,311
1769,517,2,15930,3,1,1,311
229,770,1,8030,3,1,1,311
720,739,2,7530,3,1,1,311
1361,759,1,18110,3,1,1,311
1164,705,1,2430,3,1,1,311
886,695,2,7570,3,1,1,311
1518,773,1,8170,3,1,1,311
1795,579,2,6540,3,1,1,311
890,710,1,15220,3,1,1,311
1363,690,1,16260,3,1,1,311
1291,572,1,16310,3,1,1,311
420,610,1,12480,3,1,1,311
1786,694,1,18760,3,1,1,311
585,558,2,13140,3,1,1,311
574,573,2,3390,3,1,1,311
208,649,2,17000,3,1,1,311
907,710,1,3970,3,1,1,311
575,609,1,9970,3,1,1,311
1476,791,1,11180,3,1,1,311
723,530,1,6440,3,1,1,311
725,579,1,3040,3,1,1,311
254,534,1,19470,3,1,1,311
1352,731,2,6610,3,1,1,311
1516,736,2,17190,3,1,1,311
1517,677,1,15290,3,1,1,311
1241,739,1,10580,3,1,1,311
1921,569,2,12050,3,1,1,311
1916,567,1,17250,3,1,1,311
1915,671,1,13520,3,1,1,311
602,510,1,17000,3,1,1,311
1469,785,2,14530,3,1,1,311
1527,503,1,19710,3,1,1,311
1245,573,1,18410,3,1,1,311
726,795,1,2020,3,1,1,311
1507,508,2,18640,3,1,1,311
1028,465,6,75040,2,3,4,234
441,308,6,77080,2,3,4,234
713,417,6,66340,2,3,4,234
700,485,5,70200,2,3,4,234
1725,355,6,82340,2,3,4,234
1421,290,6,90120,2,3,4,234
204,353,5,62070,2,3,4,234
687,314,5,87010,2,3,4,234
1599,317,5,75820,2,3,4,234
1090,320,5,62640,2,3,4,234
1791,418,5,111950,2,3,4,234
1799,431,6,79830,2,3,4,234
1801,315,5,72940,2,3,4,234
1256,308,6,75620,2,3,4,234
19,285,6,69140,2,3,4,234
23,388,5,72640,2,3,4,234
1441,354,5,57590,2,3,4,234
1759,314,5,91000,2,3,4,234
1213,391,9,132910,2,3,4,234
506,452,5,94030,2,3,4,234
716,481,5,65380,2,3,4,234
1751,360,5,66170,2,3,4,234
1989,412,6,90160,2,3,4,234
482,376,6,77130,2,3,4,234
479,302,6,90000,2,3,4,234
1108,327,5,85160,2,3,4,234
680,343,5,104230,2,3,4,234
1724,424,5,83030,2,3,4,234
1126,480,5,68110,2,3,4,234
1610,406,6,96170,2,3,4,234
863,422,7,112370,2,3,4,234
316,386,6,64230,2,3,4,234
1021,449,5,102600,2,3,4,234
1143,404,5,96710,2,3,4,234
837,310,5,103780,2,3,4,234
268,326,5,73180,2,3,4,234
846,443,6,132770,2,3,4,234
855,455,6,71790,2,3,4,234
168,454,5,84220,2,3,4,234
1670,421,8,110810,2,3,4,234
940,291,5,63610,2,3,4,234
1702,335,5,99090,2,3,4,234
1917,283,5,95310,2,3,4,234
936,303,7,95990,2,3,4,234
1378,319,5,58500,2,3,4,234
1927,333,6,70000,2,3,4,234
230,440,6,72490,2,3,4,234
1941,366,6,62850,2,3,4,234
898,361,5,89790,2,3,4,234
219,338,5,77290,2,3,4,234
1373,418,5,84960,2,3,4,234
791,363,5,88460,2,3,4,234
1897,281,7,108840,2,3,4,234
787,398,7,83440,2,3,4,234
94,304,7,115190,2,3,4,234
1863,469,5,76360,2,3,4,234
1412,472,5,96830,2,3,4,234
372,291,6,105060,2,3,4,234
1709,332,6,80530,2,3,4,234
1708,378,6,117670,2,3,4,234
1498,308,5,93720,2,3,4,234
1197,376,6,80640,2,3,4,234
1867,465,6,59810,2,3,4,234
990,442,5,72180,2,3,4,234
786,480,5,60820,2,3,4,234
1322,293,5,91300,2,3,4,234
406,344,5,71450,2,3,4,234
922,451,6,47460,2,3,3,233
1879,400,5,46770,2,3,3,233
1975,302,5,50110,2,3,3,233
813,391,5,53680,2,3,3,233
1381,394,5,53920,2,3,3,233
33,311,5,54130,2,3,3,233
1544,306,5,37270,2,3,3,233
839,380,5,44090,2,3,3,233
62,421,5,25140,2,3,2,232
1539,293,3,64890,2,2,4,224
1543,437,3,64150,2,2,4,224
1154,337,4,65470,2,2,4,224
1444,419,3,62330,2,2,4,224
1376,365,4,82660,2,2,4,224
1259,396,4,68820,2,2,4,224
1357,455,4,87940,2,2,4,224
1402,409,4,61610,2,2,4,224
1462,468,3,63960,2,2,4,224
1237,286,4,75150,2,2,4,224
1475,480,4,59050,2,2,4,224
1512,366,4,64050,2,2,4,224
1487,296,4,60750,2,2,4,224
1389,403,3,65820,2,2,4,224
1335,296,4,94720,2,2,4,224
1332,450,3,59910,2,2,4,224
1272,466,4,66340,2,2,4,224
1342,289,3,64410,2,2,4,224
722,351,4,89760,2,2,4,224
1438,365,4,65420,2,2,4,224
988,383,4,79030,2,2,4,224
853,323,3,56110,2,2,4,224
416,406,4,69760,2,2,4,224
415,390,4,74840,2,2,4,224
1845,437,3,72970,2,2,4,224
1664,466,4,94950,2,2,4,224
1862,333,3,57920,2,2,4,224
371,377,3,62890,2,2,4,224
365,411,4,66830,2,2,4,224
336,336,4,70370,2,2,4,224
1884,290,4,72280,2,2,4,224
1652,466,3,61040,2,2,4,224
1898,470,3,67380,2,2,4,224
952,391,3,64190,2,2,4,224
959,368,4,71330,2,2,4,224
963,399,4,58720,2,2,4,224
427,294,4,74180,2,2,4,224
453,436,4,62700,2,2,4,224
834,359,4,62580,2,2,4,224
769,447,3,69310,2,2,4,224
675,381,4,64570,2,2,4,224
648,351,4,62980,2,2,4,224
644,383,4,83230,2,2,4,224
638,300,3,58040,2,2,4,224
631,360,4,70670,2,2,4,224
1773,339,4,87620,2,2,4,224
596,400,3,71850,2,2,4,224
1687,306,4,84060,2,2,4,224
547,301,3,65740,2,2,4,224
521,463,3,57940,2,2,4,224
510,324,4,61980,2,2,4,224
812,418,4,92140,2,2,4,224
499,291,3,58000,2,2,4,224
491,374,3,62880,2,2,4,224
977,468,4,75160,2,2,4,224
325,407,3,70440,2,2,4,224
1931,408,3,61470,2,2,4,224
1003,422,3,64980,2,2,4,224
1588,432,3,64540,2,2,4,224
1984,384,3,64680,2,2,4,224
60,470,3,58390,2,2,4,224
65,302,4,78530,2,2,4,224
1059,473,3,72280,2,2,4,224
1602,323,3,58890,2,2,4,224
87,289,4,74480,2,2,4,224
111,434,3,62920,2,2,4,224
1960,364,3,57470,2,2,4,224
1957,321,4,64550,2,2,4,224
1947,303,4,59660,2,2,4,224
1622,398,4,79420,2,2,4,224
1946,365,4,83060,2,2,4,224
683,320,4,65590,2,2,4,224
213,288,4,94530,2,2,4,224
205,326,3,58050,2,2,4,224
1940,385,3,69460,2,2,4,224
211,299,3,68680,2,2,4,224
214,472,4,69960,2,2,4,224
221,452,4,66640,2,2,4,224
1433,414,3,46560,2,2,3,223
1345,389,3,55190,2,2,3,223
81,443,3,37290,2,2,3,223
1340,452,3,44570,2,2,3,223
76,454,4,42150,2,2,3,223
551,301,3,40640,2,2,3,223
559,394,3,53860,2,2,3,223
566,345,3,49550,2,2,3,223
650,370,4,54280,2,2,3,223
274,319,4,44750,2,2,3,223
599,444,3,51000,2,2,3,223
241,351,4,37870,2,2,3,223
600,329,3,39310,2,2,3,223
508,297,3,52410,2,2,3,223
261,439,4,41530,2,2,3,223
608,332,3,45340,2,2,3,223
1238,424,3,40140,2,2,3,223
625,336,3,46750,2,2,3,223
1424,353,3,41310,2,2,3,223
637,307,3,52450,2,2,3,223
1437,453,3,38260,2,2,3,223
603,358,3,55220,2,2,3,223
684,314,3,49830,2,2,3,223
504,346,4,39500,2,2,3,223
1965,436,4,43440,2,2,3,223
1323,294,3,40840,2,2,3,223
345,386,3,54400,2,2,3,223
195,309,3,39290,2,2,3,223
369,370,4,53850,2,2,3,223
183,450,3,50380,2,2,3,223
378,284,3,40330,2,2,3,223
387,317,3,42200,2,2,3,223
390,316,3,40510,2,2,3,223
309,344,3,50950,2,2,3,223
304,309,3,45830,2,2,3,223
1297,425,4,48250,2,2,3,223
1386,306,3,39120,2,2,3,223
153,292,3,48960,2,2,3,223
209,455,3,38520,2,2,3,223
421,309,3,40830,2,2,3,223
1929,425,3,36290,2,2,3,223
475,403,3,55060,2,2,3,223
1276,328,3,48870,2,2,3,223
478,367,4,51340,2,2,3,223
125,303,4,41380,2,2,3,223
123,295,4,51930,2,2,3,223
1959,363,3,40400,2,2,3,223
513,382,4,52620,2,2,3,223
1559,405,3,42360,2,2,3,223
1668,328,3,44840,2,2,3,223
1545,301,3,40110,2,2,3,223
1027,400,4,47560,2,2,3,223
1705,473,4,45200,2,2,3,223
1026,290,3,37820,2,2,3,223
1058,403,3,43040,2,2,3,223
784,456,3,48920,2,2,3,223
1575,467,4,37850,2,2,3,223
1679,367,3,51850,2,2,3,223
1675,356,3,40690,2,2,3,223
1006,339,4,37180,2,2,3,223
1665,306,3,54110,2,2,3,223
758,377,4,45290,2,2,3,223
878,297,3,51110,2,2,3,223
1163,400,4,39650,2,2,3,223
891,384,3,40370,2,2,3,223
893,412,3,46540,2,2,3,223
1068,464,4,49500,2,2,3,223
1626,478,4,54330,2,2,3,223
1564,475,3,54530,2,2,3,223
927,335,4,50880,2,2,3,223
996,356,4,36660,2,2,3,223
937,350,4,49770,2,2,3,223
762,474,4,50320,2,2,3,223
1553,470,4,49320,2,2,3,223
1536,287,3,51480,2,2,3,223
1035,388,3,53180,2,2,3,223
734,385,3,38570,2,2,3,223
701,461,3,41490,2,2,3,223
1726,329,3,43040,2,2,3,223
1112,441,3,43450,2,2,3,223
730,396,3,41540,2,2,3,223
237,308,3,29080,2,2,2,222
1909,320,3,26790,2,2,2,222
842,332,4,33560,2,2,2,222
1748,333,3,33650,2,2,2,222
1678,425,3,24440,2,2,2,222
438,420,3,28360,2,2,2,222
992,319,3,30120,2,2,2,222
796,368,3,27850,2,2,2,222
1128,476,3,35520,2,2,2,222
308,306,3,30510,2,2,2,222
1288,339,3,25800,2,2,2,222
657,375,3,25050,2,2,2,222
419,293,3,33490,2,2,2,222
190,394,3,29330,2,2,2,222
1661,342,3,34000,2,2,2,222
403,458,3,24230,2,2,2,222
1977,287,3,34950,2,2,2,222
1073,420,4,30010,2,2,2,222
1742,446,4,31300,2,2,2,222
670,351,3,23600,2,2,2,222
1453,367,3,26010,2,2,2,222
1778,295,3,27720,2,2,2,222
576,347,3,25760,2,2,2,222
974,453,3,28200,2,2,2,222
1889,347,3,35300,2,2,2,222
1472,409,3,28830,2,2,2,222
55,354,3,24360,2,2,2,222
549,406,3,27480,2,2,2,222
1034,305,3,31990,2,2,2,222
1301,365,3,30300,2,2,2,222
144,485,3,31540,2,2,2,222
300,287,4,30950,2,2,2,222
1264,479,4,34300,2,2,2,222
727,481,3,15620,2,2,1,221
1650,302,3,15070,2,2,1,221
1872,437,3,13890,2,2,1,221
162,318,2,59410,2,1,4,214
1152,427,2,56440,2,1,4,214
1776,295,2,57810,2,1,4,214
1224,345,2,37360,2,1,3,213
393,389,2,48820,2,1,3,213
995,399,2,42620,2,1,3,213
227,412,2,53090,2,1,3,213
314,324,2,47130,2,1,3,213
677,382,2,44720,2,1,3,213
1624,317,2,45060,2,1,3,213
1133,473,2,40050,2,1,3,213
286,431,2,37820,2,1,3,213
1319,471,2,50470,2,1,3,213
1855,360,2,37840,2,1,3,213
77,443,2,44390,2,1,3,213
398,352,2,52890,2,1,3,213
486,303,2,40600,2,1,3,213
1430,465,2,47750,2,1,3,213
127,450,2,53780,2,1,3,213
745,397,2,55370,2,1,3,213
1452,450,2,44420,2,1,3,213
12,317,2,50850,2,1,3,213
561,304,2,51560,2,1,3,213
259,377,2,41890,2,1,3,213
780,299,2,38180,2,1,3,213
1956,311,2,38650,2,1,3,213
515,447,2,54580,2,1,3,213
1390,309,2,42690,2,1,3,213
815,411,2,38510,2,1,3,213
1821,480,2,42430,2,1,3,213
279,328,2,36800,2,1,3,213
1348,339,2,39610,2,1,3,213
461,341,2,46770,2,1,3,213
424,385,2,45030,2,1,3,213
1075,393,2,44090,2,1,3,213
1411,316,2,49690,2,1,3,213
1293,474,2,53010,2,1,3,213
412,325,2,53940,2,1,3,213
1295,463,2,39080,2,1,3,213
409,459,2,41530,2,1,3,213
968,426,2,36480,2,1,3,213
969,482,2,45170,2,1,3,213
224,416,1,22110,2,1,2,212
231,429,2,29890,2,1,2,212
1973,302,2,25840,2,1,2,212
91,433,2,35080,2,1,2,212
998,313,2,29700,2,1,2,212
1113,380,2,25550,2,1,2,212
1118,300,2,29780,2,1,2,212
1955,318,2,31350,2,1,2,212
1609,391,1,24780,2,1,2,212
1461,287,1,26480,2,1,2,212
1016,421,2,27010,2,1,2,212
1468,401,2,35580,2,1,2,212
105,308,2,21250,2,1,2,212
180,305,2,29660,2,1,2,212
136,458,2,34580,2,1,2,212
95,340,2,21600,2,1,2,212
1380,428,2,30000,2,1,2,212
1938,424,2,22240,2,1,2,212
1465,337,2,24840,2,1,2,212
1001,315,2,22600,2,1,2,212
1919,302,1,21940,2,1,2,212
1324,291,2,30640,2,1,2,212
1918,422,2,23420,2,1,2,212
1524,466,1,21720,2,1,2,212
1184,470,1,27040,2,1,2,212
805,285,2,35660,2,1,2,212
794,302,1,25570,2,1,2,212
21,466,2,23980,2,1,2,212
14,430,2,34350,2,1,2,212
542,400,2,22660,2,1,2,212
546,362,2,31940,2,1,2,212
1192,442,1,23310,2,1,2,212
1704,339,2,28980,2,1,2,212
590,484,1,22490,2,1,2,212
1999,357,1,28520,2,1,2,212
253,424,2,32320,2,1,2,212
748,358,2,34710,2,1,2,212
744,436,1,25950,2,1,2,212
616,287,1,21310,2,1,2,212
8,405,2,30000,2,1,2,212
735,445,2,23670,2,1,2,212
5,364,2,29060,2,1,2,212
1532,440,1,28290,2,1,2,212
1227,442,2,32290,2,1,2,212
702,341,2,23030,2,1,2,212
674,324,2,35250,2,1,2,212
484,435,2,26420,2,1,2,212
1040,378,2,22260,2,1,2,212
476,400,2,32060,2,1,2,212
1658,469,2,21470,2,1,2,212
1641,304,1,23240,2,1,2,212
1347,369,2,22160,2,1,2,212
263,326,2,35570,2,1,2,212
264,458,2,28790,2,1,2,212
965,347,2,23450,2,1,2,212
944,330,1,23010,2,1,2,212
313,294,2,26730,2,1,2,212
1330,446,2,34650,2,1,2,212
930,329,2,28630,2,1,2,212
1501,438,2,28970,2,1,2,212
331,384,2,29560,2,1,2,212
1869,289,2,25700,2,1,2,212
1868,336,2,25180,2,1,2,212
1659,356,1,28280,2,1,2,212
894,433,2,29750,2,1,2,212
1047,288,2,27270,2,1,2,212
386,394,2,32860,2,1,2,212
1309,283,2,23480,2,1,2,212
1856,284,2,24520,2,1,2,212
854,287,2,34260,2,1,2,212
1287,372,2,29490,2,1,2,212
1594,388,2,7770,2,1,1,211
1591,300,1,4350,2,1,1,211
1598,281,1,10840,2,1,1,211
1997,426,2,13000,2,1,1,211
1728,399,1,17930,2,1,1,211
1962,318,1,19570,2,1,1,211
1809,431,2,8840,2,1,1,211
1752,337,1,2350,2,1,1,211
1531,466,2,14320,2,1,1,211
1767,340,2,11850,2,1,1,211
1719,284,2,13200,2,1,1,211
1775,331,2,19770,2,1,1,211
1523,365,1,590,2,1,1,211
1792,334,1,15890,2,1,1,211
1581,409,1,2690,2,1,1,211
1456,338,1,110,2,1,1,211
1680,476,1,8490,2,1,1,211
1499,467,2,1850,2,1,1,211
1484,420,1,19150,2,1,1,211
1877,307,1,14170,2,1,1,211
1632,466,2,13480,2,1,1,211
1625,339,1,12350,2,1,1,211
1951,369,1,15760,2,1,1,211
1587,414,1,7510,2,1,1,211
1,402,2,20520,2,1,1,211
329,378,1,20030,2,1,1,211
288,429,2,16340,2,1,1,211
150,292,2,6820,2,1,1,211
151,412,1,18510,2,1,1,211
688,332,2,19260,2,1,1,211
686,370,1,14920,2,1,1,211
1243,416,1,20130,2,1,1,211
283,439,2,17040,2,1,1,211
1157,281,2,19690,2,1,1,211
1252,358,1,4410,2,1,1,211
281,468,1,6300,2,1,1,211
446,436,2,15230,2,1,1,211
1254,381,2,14750,2,1,1,211
467,341,1,13970,2,1,1,211
598,421,1,12960,2,1,1,211
1060,400,1,3900,2,1,1,211
1308,409,2,17600,2,1,1,211
1072,353,2,15510,2,1,1,211
586,362,1,12140,2,1,1,211
579,300,2,19740,2,1,1,211
565,325,1,13820,2,1,1,211
267,293,1,11650,2,1,1,211
1289,452,1,3860,2,1,1,211
562,483,2,19220,2,1,1,211
1263,392,1,11010,2,1,1,211
1134,401,1,20760,2,1,1,211
256,312,1,990,2,1,1,211
1096,299,1,20890,2,1,1,211
258,433,1,1240,2,1,1,211
262,341,1,3480,2,1,1,211
1274,297,1,18160,2,1,1,211
699,341,2,20110,2,1,1,211
1211,428,1,4570,2,1,1,211
933,485,1,17520,2,1,1,211
351,385,2,8890,2,1,1,211
819,319,2,2550,2,1,1,211
1404,339,1,5670,2,1,1,211
49,387,1,15400,2,1,1,211
1399,341,2,17680,2,1,1,211
305,403,1,2210,2,1,1,211
1394,359,2,19060,2,1,1,211
814,397,2,7630,2,1,1,211
1391,461,1,17950,2,1,1,211
51,336,1,2230,2,1,1,211
27,468,2,11980,2,1,1,211
788,393,1,13310,2,1,1,211
1384,325,1,16120,2,1,1,211
1374,302,1,2690,2,1,1,211
756,438,2,19910,2,1,1,211
1232,347,1,550,2,1,1,211
1426,376,1,14480,2,1,1,211
115,435,1,5940,2,1,1,211
34,370,2,17130,2,1,1,211
488,179,7,101170,1,3,4,134
1191,198,5,74460,1,3,4,134
1201,171,5,78910,1,3,4,134
529,191,6,88080,1,3,4,134
477,214,6,61250,1,3,4,134
418,137,5,76640,1,3,4,134
376,150,6,60900,1,3,4,134
1551,164,5,62340,1,3,4,134
388,239,5,62450,1,3,4,134
396,196,6,113260,1,3,4,134
445,135,7,132450,1,3,4,134
729,240,6,93430,1,3,4,134
1808,269,5,93410,1,3,4,134
691,164,6,78200,1,3,4,134
850,196,5,71600,1,3,4,134
836,193,5,102610,1,3,4,134
831,219,7,104780,1,3,4,134
1686,269,5,76970,1,3,4,134
816,173,6,94750,1,3,4,134
1646,208,6,74660,1,3,4,134
761,196,6,100470,1,3,4,134
1712,229,5,91380,1,3,4,134
1637,232,7,124800,1,3,4,134
741,260,5,99970,1,3,4,134
1633,204,5,56320,1,3,4,134
1628,160,5,65210,1,3,4,134
654,202,6,88210,1,3,4,134
1103,234,8,106960,1,3,4,134
1018,138,5,69510,1,3,4,134
624,269,5,91360,1,3,4,134
1765,261,7,90790,1,3,4,134
1766,237,5,82090,1,3,4,134
1024,167,6,109350,1,3,4,134
1031,260,5,105620,1,3,4,134
623,170,5,79690,1,3,4,134
328,253,6,104450,1,3,4,134
1590,162,6,117840,1,3,4,134
557,185,7,142710,1,3,4,134
535,163,5,89920,1,3,4,134
1092,147,6,89810,1,3,4,134
1780,280,6,94350,1,3,4,134
870,201,5,60930,1,3,4,134
327,177,6,81570,1,3,4,134
265,177,7,77300,1,3,4,134
1502,216,7,90850,1,3,4,134
1924,269,5,66160,1,3,4,134
1300,172,6,76830,1,3,4,134
246,273,6,85140,1,3,4,134
215,251,5,79600,1,3,4,134
1316,191,6,107800,1,3,4,134
1329,280,6,61750,1,3,4,134
163,251,5,82110,1,3,4,134
1952,249,5,77610,1,3,4,134
1953,174,5,79010,1,3,4,134
1344,242,5,109230,1,3,4,134
1346,257,5,74860,1,3,4,134
1963,268,5,71200,1,3,4,134
1964,238,6,121790,1,3,4,134
103,211,6,82080,1,3,4,134
56,216,6,103530,1,3,4,134
1387,169,5,67580,1,3,4,134
1457,187,5,65160,1,3,4,134
1455,199,6,79950,1,3,4,134
1991,141,8,114070,1,3,4,134
1993,195,8,139760,1,3,4,134
1996,211,5,98360,1,3,4,134
1423,261,7,115640,1,3,4,134
1508,233,6,75400,1,3,4,134
1315,212,5,57470,1,3,4,134
1258,191,6,85500,1,3,4,134
1234,156,5,81600,1,3,4,134
1892,133,5,66640,1,3,4,134
1513,221,5,100020,1,3,4,134
303,219,7,110450,1,3,4,134
270,235,5,77810,1,3,4,134
1229,166,5,83420,1,3,4,134
1525,206,5,93530,1,3,4,134
318,214,5,88390,1,3,4,134
273,156,5,66370,1,3,4,134
292,220,5,67230,1,3,4,134
1522,208,6,46900,1,3,3,133
1030,138,5,48450,1,3,3,133
189,138,5,54880,1,3,3,133
452,240,5,41230,1,3,3,133
1589,147,5,38570,1,3,3,133
550,262,5,54380,1,3,3,133
181,235,5,37600,1,3,3,133
1385,252,6,49010,1,3,3,133
1207,192,5,54440,1,3,3,133
633,256,5,51360,1,3,3,133
1913,215,5,55190,1,3,3,133
1101,161,5,45020,1,3,3,133
1106,200,5,49970,1,3,3,133
1597,140,5,36970,1,3,3,133
383,213,5,35100,1,3,2,132
570,199,5,29240,1,3,2,132
715,188,4,63250,1,2,4,124
1982,148,4,70750,1,2,4,124
866,231,4,57360,1,2,4,124
857,139,3,59160,1,2,4,124
718,193,4,77440,1,2,4,124
1860,154,4,71580,1,2,4,124
377,165,4,61160,1,2,4,124
732,146,4,60850,1,2,4,124
78,200,3,70940,1,2,4,124
73,239,3,62790,1,2,4,124
753,173,4,81790,1,2,4,124
72,204,4,70870,1,2,4,124
1674,142,3,56410,1,2,4,124
884,207,4,55790,1,2,4,124
847,271,3,62500,1,2,4,124
24,257,3,71910,1,2,4,124
341,199,3,67280,1,2,4,124
350,178,4,81920,1,2,4,124
35,181,3,58140,1,2,4,124
804,262,4,91760,1,2,4,124
1696,258,3,58410,1,2,4,124
315,171,4,56490,1,2,4,124
810,236,4,58200,1,2,4,124
311,278,4,78170,1,2,4,124
480,264,3,64330,1,2,4,124
167,139,3,71970,1,2,4,124
714,255,3,65430,1,2,4,124
595,197,4,62000,1,2,4,124
1818,250,4,63630,1,2,4,124
501,241,4,70880,1,2,4,124
260,238,4,57020,1,2,4,124
255,197,4,82430,1,2,4,124
473,215,4,83640,1,2,4,124
249,159,4,81170,1,2,4,124
1800,160,4,56890,1,2,4,124
558,184,4,63110,1,2,4,124
569,166,3,58480,1,2,4,124
240,166,4,72100,1,2,4,124
234,196,4,58720,1,2,4,124
232,182,4,72030,1,2,4,124
207,244,3,58100,1,2,4,124
1851,186,3,56450,1,2,4,124
199,219,3,65430,1,2,4,124
197,226,4,56570,1,2,4,124
1760,187,4,67680,1,2,4,124
1757,211,3,70050,1,2,4,124
636,207,4,67780,1,2,4,124
1907,184,3,58790,1,2,4,124
1846,150,4,68560,1,2,4,124
656,216,4,78150,1,2,4,124
658,189,4,63480,1,2,4,124
662,196,4,68320,1,2,4,124
1747,212,4,88800,1,2,4,124
1850,149,4,81820,1,2,4,124
367,191,4,63010,1,2,4,124
1440,185,4,71570,1,2,4,124
1611,139,4,109290,1,2,4,124
1612,135,3,57220,1,2,4,124
939,191,3,58270,1,2,4,124
1649,169,4,63730,1,2,4,124
1077,147,3,69520,1,2,4,124
1168,144,4,80910,1,2,4,124
1382,147,4,58810,1,2,4,124
1372,189,3,59710,1,2,4,124
1158,196,4,62190,1,2,4,124
1318,207,4,76150,1,2,4,124
1577,155,4,76020,1,2,4,124
1471,229,4,93680,1,2,4,124
1629,151,4,70040,1,2,4,124
1496,160,4,88920,1,2,4,124
980,135,4,62140,1,2,4,124
1132,274,4,87980,1,2,4,124
983,254,4,66090,1,2,4,124
985,170,3,61320,1,2,4,124
1634,199,3,63140,1,2,4,124
986,183,3,56730,1,2,4,124
1403,201,4,57000,1,2,4,124
1552,166,4,74900,1,2,4,124
909,270,4,90640,1,2,4,124
1474,166,4,58640,1,2,4,124
1451,197,3,58150,1,2,4,124
1202,273,3,57910,1,2,4,124
1019,195,4,66260,1,2,4,124
901,176,3,60600,1,2,4,124
1046,168,4,61010,1,2,4,124
900,232,3,57090,1,2,4,124
1615,194,4,57550,1,2,4,124
1337,200,4,80880,1,2,4,124
1235,235,4,93740,1,2,4,124
1504,229,4,80320,1,2,4,124
152,185,3,47400,1,2,3,123
1055,158,3,41130,1,2,3,123
532,255,4,51820,1,2,3,123
157,146,4,48660,1,2,3,123
1023,148,3,46690,1,2,3,123
1806,274,3,48290,1,2,3,123
166,262,3,38150,1,2,3,123
545,260,4,43990,1,2,3,123
1584,268,3,55130,1,2,3,123
1586,166,4,42350,1,2,3,123
1088,212,3,47000,1,2,3,123
560,198,4,37170,1,2,3,123
184,174,3,50430,1,2,3,123
1321,223,4,41660,1,2,3,123
1789,228,4,46000,1,2,3,123
589,207,3,43640,1,2,3,123
525,276,3,40280,1,2,3,123
1081,162,3,48340,1,2,3,123
1781,143,3,44510,1,2,3,123
210,269,3,41070,1,2,3,123
882,194,4,44170,1,2,3,123
1304,264,3,44740,1,2,3,123
242,194,3,45600,1,2,3,123
1218,279,4,44060,1,2,3,123
1212,138,4,54440,1,2,3,123
280,148,3,52990,1,2,3,123
1885,191,3,51770,1,2,3,123
320,161,3,42140,1,2,3,123
1203,177,3,41100,1,2,3,123
1273,206,3,52850,1,2,3,123
1509,227,3,51500,1,2,3,123
333,179,4,43270,1,2,3,123
1280,266,3,43320,1,2,3,123
361,214,3,46920,1,2,3,123
1180,167,4,48250,1,2,3,123
370,274,4,51330,1,2,3,123
375,170,4,36300,1,2,3,123
1176,173,3,52650,1,2,3,123
251,190,4,43850,1,2,3,123
1848,181,4,41050,1,2,3,123
404,270,3,53430,1,2,3,123
408,215,4,47380,1,2,3,123
410,138,3,52010,1,2,3,123
881,214,4,45750,1,2,3,123
442,191,3,50620,1,2,3,123
1149,187,3,40260,1,2,3,123
1148,250,3,48430,1,2,3,123
1925,156,3,48280,1,2,3,123
470,176,3,46150,1,2,3,123
244,179,3,55220,1,2,3,123
460,211,3,38140,1,2,3,123
1239,233,3,52880,1,2,3,123
760,155,3,43640,1,2,3,123
698,270,3,43070,1,2,3,123
1744,240,3,47090,1,2,3,123
1743,274,4,49050,1,2,3,123
1990,264,3,49320,1,2,3,123
1692,209,4,50990,1,2,3,123
1004,197,4,53850,1,2,3,123
808,233,3,39410,1,2,3,123
1729,228,4,37560,1,2,3,123
954,164,3,47080,1,2,3,123
800,194,3,55210,1,2,3,123
75,206,4,52890,1,2,3,123
1005,244,4,40060,1,2,3,123
1630,255,3,39550,1,2,3,123
799,229,3,44100,1,2,3,123
966,183,4,45420,1,2,3,123
994,242,3,47890,1,2,3,123
781,200,3,45620,1,2,3,123
979,142,3,38950,1,2,3,123
1711,146,3,39460,1,2,3,123
777,272,3,53950,1,2,3,123
976,199,3,46170,1,2,3,123
664,263,3,51290,1,2,3,123
943,268,3,38050,1,2,3,123
1623,150,3,54090,1,2,3,123
920,178,3,52830,1,2,3,123
630,231,3,41230,1,2,3,123
880,268,4,54050,1,2,3,123
892,134,3,49630,1,2,3,123
859,153,3,47400,1,2,3,123
139,225,4,48300,1,2,3,123
1758,139,3,53370,1,2,3,123
1656,215,3,42740,1,2,3,123
848,145,3,45200,1,2,3,123
32,231,3,44930,1,2,3,123
1353,153,3,36570,1,2,3,123
1756,266,4,43210,1,2,3,123
773,166,3,48930,1,2,3,123
116,150,4,36340,1,2,3,123
925,151,4,50370,1,2,3,123
411,238,3,23550,1,2,2,122
257,264,3,25320,1,2,2,122
1506,184,4,33160,1,2,2,122
897,276,3,34200,1,2,2,122
247,136,4,33850,1,2,2,122
343,147,4,33580,1,2,2,122
414,202,3,30520,1,2,2,122
457,208,3,27180,1,2,2,122
1922,157,3,25680,1,2,2,122
391,244,3,22960,1,2,2,122
1166,176,3,35330,1,2,2,122
1205,202,3,25440,1,2,2,122
1281,225,4,36060,1,2,2,122
380,201,3,27620,1,2,2,122
407,228,4,34830,1,2,2,122
363,181,3,30070,1,2,2,122
1172,219,3,35870,1,2,2,122
1282,198,3,28580,1,2,2,122
252,142,3,30570,1,2,2,122
10,217,3,31340,1,2,2,122
1764,180,4,35970,1,2,2,122
1971,218,4,35240,1,2,2,122
1784,233,4,25110,1,2,2,122
614,170,3,35290,1,2,2,122
1002,238,3,31720,1,2,2,122
533,151,3,24250,1,2,2,122
685,132,3,30450,1,2,2,122
102,219,3,33420,1,2,2,122
495,265,4,31840,1,2,2,122
754,204,3,28570,1,2,2,122
1466,261,3,34860,1,2,2,122
1017,148,3,25550,1,2,2,122
757,158,3,28530,1,2,2,122
134,277,3,24920,1,2,2,122
1036,190,4,34520,1,2,2,122
201,220,3,34260,1,2,2,122
1480,242,3,12450,1,2,1,121
1406,147,4,18890,1,2,1,121
46,272,3,12910,1,2,1,121
1486,212,3,10580,1,2,1,121
1782,145,3,13810,1,2,1,121
401,226,3,19920,1,2,1,121
54,259,2,58560,1,1,4,114
1485,246,2,55960,1,1,4,114
400,219,2,50060,1,1,3,113
1086,268,2,43420,1,1,3,113
1244,175,2,51430,1,1,3,113
1302,236,2,48110,1,1,3,113
291,203,2,39340,1,1,3,113
1194,191,2,44730,1,1,3,113
1359,276,2,50000,1,1,3,113
1076,277,2,44340,1,1,3,113
500,215,2,36350,1,1,3,113
143,245,2,39400,1,1,3,113
1520,246,2,41680,1,1,3,113
1160,250,2,45210,1,1,3,113
1087,249,2,37400,1,1,3,113
609,177,2,37720,1,1,3,113
1829,136,2,39410,1,1,3,113
1489,194,2,40780,1,1,3,113
1803,272,2,45210,1,1,3,113
395,150,2,45960,1,1,3,113
601,242,2,46280,1,1,3,113
275,167,2,32670,1,1,2,112
1418,255,1,26340,1,1,2,112
1477,184,2,26030,1,1,2,112
1414,231,2,32250,1,1,2,112
1262,223,2,25460,1,1,2,112
142,205,2,36050,1,1,2,112
135,207,2,36190,1,1,2,112
1336,279,2,30600,1,1,2,112
1505,167,2,22750,1,1,2,112
1449,188,2,33760,1,1,2,112
173,251,2,33880,1,1,2,112
112,195,2,30840,1,1,2,112
1354,270,2,27650,1,1,2,112
1920,204,2,25640,1,1,2,112
1933,225,2,22880,1,1,2,112
1307,196,2,21660,1,1,2,112
1981,219,2,28690,1,1,2,112
1286,149,1,23160,1,1,2,112
50,158,2,31410,1,1,2,112
1560,198,2,29680,1,1,2,112
587,148,2,25750,1,1,2,112
1138,175,2,24620,1,1,2,112
1129,276,2,29720,1,1,2,112
1124,167,2,29930,1,1,2,112
1120,168,2,25470,1,1,2,112
531,245,1,25480,1,1,2,112
539,268,2,28880,1,1,2,112
567,139,1,23690,1,1,2,112
621,207,2,27040,1,1,2,112
1613,152,2,23710,1,1,2,112
1020,266,2,33200,1,1,2,112
635,154,2,23040,1,1,2,112
1012,266,2,34560,1,1,2,112
666,206,2,30320,1,1,2,112
690,136,2,34920,1,1,2,112
696,247,1,27380,1,1,2,112
711,232,2,30270,1,1,2,112
742,174,2,32040,1,1,2,112
755,145,2,24870,1,1,2,112
950,167,2,34330,1,1,2,112
1645,150,2,32040,1,1,2,112
821,165,1,29190,1,1,2,112
824,267,2,21760,1,1,2,112
825,132,2,26310,1,1,2,112
938,244,2,23490,1,1,2,112
826,247,2,34650,1,1,2,112
858,137,1,27890,1,1,2,112
1135,181,2,29220,1,1,2,112
2000,274,1,25980,1,1,2,112
1139,213,1,23600,1,1,2,112
1215,277,2,34620,1,1,2,112
356,204,2,28750,1,1,2,112
332,275,2,28310,1,1,2,112
1878,143,2,31780,1,1,2,112
330,253,2,22970,1,1,2,112
1161,210,2,30420,1,1,2,112
458,248,2,31360,1,1,2,112
426,218,2,27100,1,1,2,112
1407,237,1,18260,1,1,1,111
57,160,1,13990,1,1,1,111
1008,195,2,12500,1,1,1,111
302,144,1,12430,1,1,1,111
108,172,2,16270,1,1,1,111
1187,146,1,2000,1,1,1,111
1000,203,2,17240,1,1,1,111
1195,254,2,15830,1,1,1,111
93,137,1,14840,1,1,1,111
1356,210,1,20500,1,1,1,111
852,145,1,5530,1,1,1,111
851,279,1,21140,1,1,1,111
1267,168,1,790,1,1,1,111
970,273,1,4370,1,1,1,111
1684,257,2,4890,1,1,1,111
778,256,1,13160,1,1,1,111
1698,135,2,12840,1,1,1,111
357,214,1,12480,1,1,1,111
1409,142,1,4030,1,1,1,111
1986,170,2,5560,1,1,1,111
1260,235,2,20400,1,1,1,111
1903,231,2,8160,1,1,1,111
1253,175,2,9950,1,1,1,111
1208,196,2,10260,1,1,1,111
1209,165,1,2970,1,1,1,111
845,220,2,20490,1,1,1,111
1459,166,1,7970,1,1,1,111
1753,142,1,13280,1,1,1,111
639,192,2,13860,1,1,1,111
1084,207,1,2640,1,1,1,111
1571,273,2,14990,1,1,1,111
1930,244,1,7370,1,1,1,111
449,245,1,8980,1,1,1,111
522,213,1,17740,1,1,1,111
1313,197,1,9490,1,1,1,111
1838,176,1,14530,1,1,1,111
248,148,1,9320,1,1,1,111
206,280,1,1530,1,1,1,111
1089,280,2,17120,1,1,1,111
1842,145,1,4700,1,1,1,111
1585,156,1,11670,1,1,1,111
1798,236,1,6950,1,1,1,111
1793,141,1,13470,1,1,1,111
182,248,1,7680,1,1,1,111
1331,185,2,19160,1,1,1,111
1866,167,1,16060,1,1,1,111
1242,148,2,13570,1,1,1,111
164,176,1,2960,1,1,1,111
1069,230,1,1610,1,1,1,111
597,274,1,11300,1,1,1,111
1774,233,1,9760,1,1,1,111
606,178,1,9860,1,1,1,111
610,237,2,12390,1,1,1,111
1478,265,2,8330,1,1,1,111
620,173,1,11090,1,1,1,111
397,150,1,960,1,1,1,111
628,166,2,10750,1,1,1,111
141,233,2,17170,1,1,1,111
1555,259,2,9880,1,1,1,111
1175,260,1,430,1,1,1,111
1894,279,1,20720,1,1,1,111
